"","shim_count","shim_thickness","start_width","end_width","shape","clamp_width","clamp_thickness","nut_width","nut_thickness"
"1",2,0.1,18,10,0,8,0.4,10,10
"2",3,0.1,18,10,0,8,0.4,10,10
"3",4,0.1,18,10,0,8,0.4,10,10
"4",5,0.1,18,10,0,8,0.4,10,10
"5",6,0.1,18,10,0,8,0.4,10,10
"6",7,0.1,18,10,0,8,0.4,10,10
"7",8,0.1,18,10,0,8,0.4,10,10
"8",9,0.1,18,10,0,8,0.4,10,10
"9",10,0.1,18,10,0,8,0.4,10,10
"10",11,0.1,18,10,0,8,0.4,10,10
"11",12,0.1,18,10,0,8,0.4,10,10
"100",2,0.1,18,10,0.1,8,0.4,10,10
"101",3,0.1,18,10,0.1,8,0.4,10,10
"102",4,0.1,18,10,0.1,8,0.4,10,10
"103",5,0.1,18,10,0.1,8,0.4,10,10
"104",6,0.1,18,10,0.1,8,0.4,10,10
"105",7,0.1,18,10,0.1,8,0.4,10,10
"106",8,0.1,18,10,0.1,8,0.4,10,10
"107",9,0.1,18,10,0.1,8,0.4,10,10
"108",10,0.1,18,10,0.1,8,0.4,10,10
"109",11,0.1,18,10,0.1,8,0.4,10,10
"110",12,0.1,18,10,0.1,8,0.4,10,10
"111",2,0.1,18,11,0.1,8,0.4,10,10
"112",3,0.1,18,11,0.1,8,0.4,10,10
"113",4,0.1,18,11,0.1,8,0.4,10,10
"114",5,0.1,18,11,0.1,8,0.4,10,10
"115",6,0.1,18,11,0.1,8,0.4,10,10
"116",7,0.1,18,11,0.1,8,0.4,10,10
"117",8,0.1,18,11,0.1,8,0.4,10,10
"118",9,0.1,18,11,0.1,8,0.4,10,10
"119",10,0.1,18,11,0.1,8,0.4,10,10
"120",11,0.1,18,11,0.1,8,0.4,10,10
"121",12,0.1,18,11,0.1,8,0.4,10,10
"122",2,0.1,18,12,0.1,8,0.4,10,10
"123",3,0.1,18,12,0.1,8,0.4,10,10
"124",4,0.1,18,12,0.1,8,0.4,10,10
"125",5,0.1,18,12,0.1,8,0.4,10,10
"126",6,0.1,18,12,0.1,8,0.4,10,10
"127",7,0.1,18,12,0.1,8,0.4,10,10
"128",8,0.1,18,12,0.1,8,0.4,10,10
"129",9,0.1,18,12,0.1,8,0.4,10,10
"130",10,0.1,18,12,0.1,8,0.4,10,10
"131",11,0.1,18,12,0.1,8,0.4,10,10
"132",12,0.1,18,12,0.1,8,0.4,10,10
"133",2,0.1,18,13,0.1,8,0.4,10,10
"134",3,0.1,18,13,0.1,8,0.4,10,10
"135",4,0.1,18,13,0.1,8,0.4,10,10
"136",5,0.1,18,13,0.1,8,0.4,10,10
"137",6,0.1,18,13,0.1,8,0.4,10,10
"138",7,0.1,18,13,0.1,8,0.4,10,10
"139",8,0.1,18,13,0.1,8,0.4,10,10
"140",9,0.1,18,13,0.1,8,0.4,10,10
"141",10,0.1,18,13,0.1,8,0.4,10,10
"142",11,0.1,18,13,0.1,8,0.4,10,10
"143",12,0.1,18,13,0.1,8,0.4,10,10
"144",2,0.1,18,14,0.1,8,0.4,10,10
"145",3,0.1,18,14,0.1,8,0.4,10,10
"146",4,0.1,18,14,0.1,8,0.4,10,10
"147",5,0.1,18,14,0.1,8,0.4,10,10
"148",6,0.1,18,14,0.1,8,0.4,10,10
"149",7,0.1,18,14,0.1,8,0.4,10,10
"150",8,0.1,18,14,0.1,8,0.4,10,10
"151",9,0.1,18,14,0.1,8,0.4,10,10
"152",10,0.1,18,14,0.1,8,0.4,10,10
"153",11,0.1,18,14,0.1,8,0.4,10,10
"154",12,0.1,18,14,0.1,8,0.4,10,10
"155",2,0.1,18,15,0.1,8,0.4,10,10
"156",3,0.1,18,15,0.1,8,0.4,10,10
"157",4,0.1,18,15,0.1,8,0.4,10,10
"158",5,0.1,18,15,0.1,8,0.4,10,10
"159",6,0.1,18,15,0.1,8,0.4,10,10
"160",7,0.1,18,15,0.1,8,0.4,10,10
"161",8,0.1,18,15,0.1,8,0.4,10,10
"162",9,0.1,18,15,0.1,8,0.4,10,10
"163",10,0.1,18,15,0.1,8,0.4,10,10
"164",11,0.1,18,15,0.1,8,0.4,10,10
"165",12,0.1,18,15,0.1,8,0.4,10,10
"166",2,0.1,18,16,0.1,8,0.4,10,10
"167",3,0.1,18,16,0.1,8,0.4,10,10
"168",4,0.1,18,16,0.1,8,0.4,10,10
"169",5,0.1,18,16,0.1,8,0.4,10,10
"170",6,0.1,18,16,0.1,8,0.4,10,10
"171",7,0.1,18,16,0.1,8,0.4,10,10
"172",8,0.1,18,16,0.1,8,0.4,10,10
"173",9,0.1,18,16,0.1,8,0.4,10,10
"174",10,0.1,18,16,0.1,8,0.4,10,10
"175",11,0.1,18,16,0.1,8,0.4,10,10
"176",12,0.1,18,16,0.1,8,0.4,10,10
"177",2,0.1,18,17,0.1,8,0.4,10,10
"178",3,0.1,18,17,0.1,8,0.4,10,10
"179",4,0.1,18,17,0.1,8,0.4,10,10
"180",5,0.1,18,17,0.1,8,0.4,10,10
"181",6,0.1,18,17,0.1,8,0.4,10,10
"182",7,0.1,18,17,0.1,8,0.4,10,10
"183",8,0.1,18,17,0.1,8,0.4,10,10
"184",9,0.1,18,17,0.1,8,0.4,10,10
"185",10,0.1,18,17,0.1,8,0.4,10,10
"186",11,0.1,18,17,0.1,8,0.4,10,10
"187",12,0.1,18,17,0.1,8,0.4,10,10
"203",6,0.1,18,10,0.5,8,0.4,10,10
"204",7,0.1,18,10,0.5,8,0.4,10,10
"205",8,0.1,18,10,0.5,8,0.4,10,10
"206",9,0.1,18,10,0.5,8,0.4,10,10
"207",10,0.1,18,10,0.5,8,0.4,10,10
"208",11,0.1,18,10,0.5,8,0.4,10,10
"209",12,0.1,18,10,0.5,8,0.4,10,10
"212",4,0.1,18,11,0.5,8,0.4,10,10
"213",5,0.1,18,11,0.5,8,0.4,10,10
"214",6,0.1,18,11,0.5,8,0.4,10,10
"215",7,0.1,18,11,0.5,8,0.4,10,10
"216",8,0.1,18,11,0.5,8,0.4,10,10
"217",9,0.1,18,11,0.5,8,0.4,10,10
"218",10,0.1,18,11,0.5,8,0.4,10,10
"219",11,0.1,18,11,0.5,8,0.4,10,10
"220",12,0.1,18,11,0.5,8,0.4,10,10
"224",5,0.1,18,12,0.5,8,0.4,10,10
"225",6,0.1,18,12,0.5,8,0.4,10,10
"226",7,0.1,18,12,0.5,8,0.4,10,10
"227",8,0.1,18,12,0.5,8,0.4,10,10
"228",9,0.1,18,12,0.5,8,0.4,10,10
"229",10,0.1,18,12,0.5,8,0.4,10,10
"230",11,0.1,18,12,0.5,8,0.4,10,10
"231",12,0.1,18,12,0.5,8,0.4,10,10
"237",7,0.1,18,13,0.5,8,0.4,10,10
"238",8,0.1,18,13,0.5,8,0.4,10,10
"239",9,0.1,18,13,0.5,8,0.4,10,10
"240",10,0.1,18,13,0.5,8,0.4,10,10
"241",11,0.1,18,13,0.5,8,0.4,10,10
"242",12,0.1,18,13,0.5,8,0.4,10,10
"244",3,0.1,18,14,0.5,8,0.4,10,10
"246",5,0.1,18,14,0.5,8,0.4,10,10
"247",6,0.1,18,14,0.5,8,0.4,10,10
"249",8,0.1,18,14,0.5,8,0.4,10,10
"250",9,0.1,18,14,0.5,8,0.4,10,10
"251",10,0.1,18,14,0.5,8,0.4,10,10
"252",11,0.1,18,14,0.5,8,0.4,10,10
"253",12,0.1,18,14,0.5,8,0.4,10,10
"257",5,0.1,18,15,0.5,8,0.4,10,10
"259",7,0.1,18,15,0.5,8,0.4,10,10
"260",8,0.1,18,15,0.5,8,0.4,10,10
"262",10,0.1,18,15,0.5,8,0.4,10,10
"263",11,0.1,18,15,0.5,8,0.4,10,10
"264",12,0.1,18,15,0.5,8,0.4,10,10
"269",6,0.1,18,16,0.5,8,0.4,10,10
"271",8,0.1,18,16,0.5,8,0.4,10,10
"272",9,0.1,18,16,0.5,8,0.4,10,10
"273",10,0.1,18,16,0.5,8,0.4,10,10
"274",11,0.1,18,16,0.5,8,0.4,10,10
"275",12,0.1,18,16,0.5,8,0.4,10,10
"281",7,0.1,18,17,0.5,8,0.4,10,10
"282",8,0.1,18,17,0.5,8,0.4,10,10
"285",11,0.1,18,17,0.5,8,0.4,10,10
"286",12,0.1,18,17,0.5,8,0.4,10,10
"299",3,0.1,18,10,1,8,0.4,10,10
"300",4,0.1,18,10,1,8,0.4,10,10
"301",5,0.1,18,10,1,8,0.4,10,10
"302",6,0.1,18,10,1,8,0.4,10,10
"303",7,0.1,18,10,1,8,0.4,10,10
"304",8,0.1,18,10,1,8,0.4,10,10
"305",9,0.1,18,10,1,8,0.4,10,10
"306",10,0.1,18,10,1,8,0.4,10,10
"307",11,0.1,18,10,1,8,0.4,10,10
"308",12,0.1,18,10,1,8,0.4,10,10
"311",4,0.1,18,11,1,8,0.4,10,10
"312",5,0.1,18,11,1,8,0.4,10,10
"313",6,0.1,18,11,1,8,0.4,10,10
"314",7,0.1,18,11,1,8,0.4,10,10
"315",8,0.1,18,11,1,8,0.4,10,10
"316",9,0.1,18,11,1,8,0.4,10,10
"317",10,0.1,18,11,1,8,0.4,10,10
"318",11,0.1,18,11,1,8,0.4,10,10
"319",12,0.1,18,11,1,8,0.4,10,10
"321",3,0.1,18,12,1,8,0.4,10,10
"322",4,0.1,18,12,1,8,0.4,10,10
"323",5,0.1,18,12,1,8,0.4,10,10
"324",6,0.1,18,12,1,8,0.4,10,10
"325",7,0.1,18,12,1,8,0.4,10,10
"326",8,0.1,18,12,1,8,0.4,10,10
"327",9,0.1,18,12,1,8,0.4,10,10
"328",10,0.1,18,12,1,8,0.4,10,10
"329",11,0.1,18,12,1,8,0.4,10,10
"330",12,0.1,18,12,1,8,0.4,10,10
"332",3,0.1,18,13,1,8,0.4,10,10
"333",4,0.1,18,13,1,8,0.4,10,10
"334",5,0.1,18,13,1,8,0.4,10,10
"335",6,0.1,18,13,1,8,0.4,10,10
"336",7,0.1,18,13,1,8,0.4,10,10
"337",8,0.1,18,13,1,8,0.4,10,10
"338",9,0.1,18,13,1,8,0.4,10,10
"339",10,0.1,18,13,1,8,0.4,10,10
"340",11,0.1,18,13,1,8,0.4,10,10
"341",12,0.1,18,13,1,8,0.4,10,10
"344",4,0.1,18,14,1,8,0.4,10,10
"345",5,0.1,18,14,1,8,0.4,10,10
"346",6,0.1,18,14,1,8,0.4,10,10
"347",7,0.1,18,14,1,8,0.4,10,10
"348",8,0.1,18,14,1,8,0.4,10,10
"349",9,0.1,18,14,1,8,0.4,10,10
"350",10,0.1,18,14,1,8,0.4,10,10
"351",11,0.1,18,14,1,8,0.4,10,10
"352",12,0.1,18,14,1,8,0.4,10,10
"357",6,0.1,18,15,1,8,0.4,10,10
"358",7,0.1,18,15,1,8,0.4,10,10
"359",8,0.1,18,15,1,8,0.4,10,10
"360",9,0.1,18,15,1,8,0.4,10,10
"361",10,0.1,18,15,1,8,0.4,10,10
"362",11,0.1,18,15,1,8,0.4,10,10
"363",12,0.1,18,15,1,8,0.4,10,10
"366",4,0.1,18,16,1,8,0.4,10,10
"367",5,0.1,18,16,1,8,0.4,10,10
"368",6,0.1,18,16,1,8,0.4,10,10
"369",7,0.1,18,16,1,8,0.4,10,10
"370",8,0.1,18,16,1,8,0.4,10,10
"371",9,0.1,18,16,1,8,0.4,10,10
"372",10,0.1,18,16,1,8,0.4,10,10
"373",11,0.1,18,16,1,8,0.4,10,10
"374",12,0.1,18,16,1,8,0.4,10,10
"376",3,0.1,18,17,1,8,0.4,10,10
"378",5,0.1,18,17,1,8,0.4,10,10
"379",6,0.1,18,17,1,8,0.4,10,10
"380",7,0.1,18,17,1,8,0.4,10,10
"381",8,0.1,18,17,1,8,0.4,10,10
"382",9,0.1,18,17,1,8,0.4,10,10
"383",10,0.1,18,17,1,8,0.4,10,10
"384",11,0.1,18,17,1,8,0.4,10,10
"385",12,0.1,18,17,1,8,0.4,10,10
"398",3,0.1,18,10,2,8,0.4,10,10
"399",4,0.1,18,10,2,8,0.4,10,10
"400",5,0.1,18,10,2,8,0.4,10,10
"401",6,0.1,18,10,2,8,0.4,10,10
"402",7,0.1,18,10,2,8,0.4,10,10
"403",8,0.1,18,10,2,8,0.4,10,10
"404",9,0.1,18,10,2,8,0.4,10,10
"405",10,0.1,18,10,2,8,0.4,10,10
"406",11,0.1,18,10,2,8,0.4,10,10
"407",12,0.1,18,10,2,8,0.4,10,10
"409",3,0.1,18,11,2,8,0.4,10,10
"410",4,0.1,18,11,2,8,0.4,10,10
"411",5,0.1,18,11,2,8,0.4,10,10
"412",6,0.1,18,11,2,8,0.4,10,10
"413",7,0.1,18,11,2,8,0.4,10,10
"414",8,0.1,18,11,2,8,0.4,10,10
"415",9,0.1,18,11,2,8,0.4,10,10
"416",10,0.1,18,11,2,8,0.4,10,10
"417",11,0.1,18,11,2,8,0.4,10,10
"418",12,0.1,18,11,2,8,0.4,10,10
"420",3,0.1,18,12,2,8,0.4,10,10
"421",4,0.1,18,12,2,8,0.4,10,10
"422",5,0.1,18,12,2,8,0.4,10,10
"423",6,0.1,18,12,2,8,0.4,10,10
"424",7,0.1,18,12,2,8,0.4,10,10
"425",8,0.1,18,12,2,8,0.4,10,10
"426",9,0.1,18,12,2,8,0.4,10,10
"427",10,0.1,18,12,2,8,0.4,10,10
"428",11,0.1,18,12,2,8,0.4,10,10
"429",12,0.1,18,12,2,8,0.4,10,10
"432",4,0.1,18,13,2,8,0.4,10,10
"433",5,0.1,18,13,2,8,0.4,10,10
"434",6,0.1,18,13,2,8,0.4,10,10
"435",7,0.1,18,13,2,8,0.4,10,10
"436",8,0.1,18,13,2,8,0.4,10,10
"437",9,0.1,18,13,2,8,0.4,10,10
"438",10,0.1,18,13,2,8,0.4,10,10
"439",11,0.1,18,13,2,8,0.4,10,10
"440",12,0.1,18,13,2,8,0.4,10,10
"442",3,0.1,18,14,2,8,0.4,10,10
"443",4,0.1,18,14,2,8,0.4,10,10
"444",5,0.1,18,14,2,8,0.4,10,10
"445",6,0.1,18,14,2,8,0.4,10,10
"446",7,0.1,18,14,2,8,0.4,10,10
"447",8,0.1,18,14,2,8,0.4,10,10
"448",9,0.1,18,14,2,8,0.4,10,10
"449",10,0.1,18,14,2,8,0.4,10,10
"450",11,0.1,18,14,2,8,0.4,10,10
"451",12,0.1,18,14,2,8,0.4,10,10
"453",3,0.1,18,15,2,8,0.4,10,10
"455",5,0.1,18,15,2,8,0.4,10,10
"456",6,0.1,18,15,2,8,0.4,10,10
"457",7,0.1,18,15,2,8,0.4,10,10
"458",8,0.1,18,15,2,8,0.4,10,10
"459",9,0.1,18,15,2,8,0.4,10,10
"460",10,0.1,18,15,2,8,0.4,10,10
"461",11,0.1,18,15,2,8,0.4,10,10
"462",12,0.1,18,15,2,8,0.4,10,10
"465",4,0.1,18,16,2,8,0.4,10,10
"466",5,0.1,18,16,2,8,0.4,10,10
"467",6,0.1,18,16,2,8,0.4,10,10
"468",7,0.1,18,16,2,8,0.4,10,10
"469",8,0.1,18,16,2,8,0.4,10,10
"470",9,0.1,18,16,2,8,0.4,10,10
"471",10,0.1,18,16,2,8,0.4,10,10
"472",11,0.1,18,16,2,8,0.4,10,10
"473",12,0.1,18,16,2,8,0.4,10,10
"478",6,0.1,18,17,2,8,0.4,10,10
"479",7,0.1,18,17,2,8,0.4,10,10
"480",8,0.1,18,17,2,8,0.4,10,10
"481",9,0.1,18,17,2,8,0.4,10,10
"482",10,0.1,18,17,2,8,0.4,10,10
"483",11,0.1,18,17,2,8,0.4,10,10
"484",12,0.1,18,17,2,8,0.4,10,10
"497",3,0.1,18,10,3,8,0.4,10,10
"498",4,0.1,18,10,3,8,0.4,10,10
"499",5,0.1,18,10,3,8,0.4,10,10
"500",6,0.1,18,10,3,8,0.4,10,10
"501",7,0.1,18,10,3,8,0.4,10,10
"502",8,0.1,18,10,3,8,0.4,10,10
"503",9,0.1,18,10,3,8,0.4,10,10
"504",10,0.1,18,10,3,8,0.4,10,10
"505",11,0.1,18,10,3,8,0.4,10,10
"506",12,0.1,18,10,3,8,0.4,10,10
"509",4,0.1,18,11,3,8,0.4,10,10
"510",5,0.1,18,11,3,8,0.4,10,10
"511",6,0.1,18,11,3,8,0.4,10,10
"512",7,0.1,18,11,3,8,0.4,10,10
"513",8,0.1,18,11,3,8,0.4,10,10
"514",9,0.1,18,11,3,8,0.4,10,10
"515",10,0.1,18,11,3,8,0.4,10,10
"516",11,0.1,18,11,3,8,0.4,10,10
"517",12,0.1,18,11,3,8,0.4,10,10
"519",3,0.1,18,12,3,8,0.4,10,10
"520",4,0.1,18,12,3,8,0.4,10,10
"521",5,0.1,18,12,3,8,0.4,10,10
"522",6,0.1,18,12,3,8,0.4,10,10
"523",7,0.1,18,12,3,8,0.4,10,10
"524",8,0.1,18,12,3,8,0.4,10,10
"525",9,0.1,18,12,3,8,0.4,10,10
"526",10,0.1,18,12,3,8,0.4,10,10
"527",11,0.1,18,12,3,8,0.4,10,10
"528",12,0.1,18,12,3,8,0.4,10,10
"530",3,0.1,18,13,3,8,0.4,10,10
"531",4,0.1,18,13,3,8,0.4,10,10
"532",5,0.1,18,13,3,8,0.4,10,10
"533",6,0.1,18,13,3,8,0.4,10,10
"534",7,0.1,18,13,3,8,0.4,10,10
"535",8,0.1,18,13,3,8,0.4,10,10
"536",9,0.1,18,13,3,8,0.4,10,10
"537",10,0.1,18,13,3,8,0.4,10,10
"538",11,0.1,18,13,3,8,0.4,10,10
"539",12,0.1,18,13,3,8,0.4,10,10
"542",4,0.1,18,14,3,8,0.4,10,10
"544",6,0.1,18,14,3,8,0.4,10,10
"545",7,0.1,18,14,3,8,0.4,10,10
"546",8,0.1,18,14,3,8,0.4,10,10
"547",9,0.1,18,14,3,8,0.4,10,10
"548",10,0.1,18,14,3,8,0.4,10,10
"549",11,0.1,18,14,3,8,0.4,10,10
"550",12,0.1,18,14,3,8,0.4,10,10
"553",4,0.1,18,15,3,8,0.4,10,10
"554",5,0.1,18,15,3,8,0.4,10,10
"555",6,0.1,18,15,3,8,0.4,10,10
"557",8,0.1,18,15,3,8,0.4,10,10
"558",9,0.1,18,15,3,8,0.4,10,10
"559",10,0.1,18,15,3,8,0.4,10,10
"560",11,0.1,18,15,3,8,0.4,10,10
"561",12,0.1,18,15,3,8,0.4,10,10
"563",3,0.1,18,16,3,8,0.4,10,10
"565",5,0.1,18,16,3,8,0.4,10,10
"567",7,0.1,18,16,3,8,0.4,10,10
"568",8,0.1,18,16,3,8,0.4,10,10
"569",9,0.1,18,16,3,8,0.4,10,10
"570",10,0.1,18,16,3,8,0.4,10,10
"571",11,0.1,18,16,3,8,0.4,10,10
"572",12,0.1,18,16,3,8,0.4,10,10
"575",4,0.1,18,17,3,8,0.4,10,10
"576",5,0.1,18,17,3,8,0.4,10,10
"579",8,0.1,18,17,3,8,0.4,10,10
"580",9,0.1,18,17,3,8,0.4,10,10
"582",11,0.1,18,17,3,8,0.4,10,10
"583",12,0.1,18,17,3,8,0.4,10,10
"596",3,0.1,18,10,5,8,0.4,10,10
"597",4,0.1,18,10,5,8,0.4,10,10
"598",5,0.1,18,10,5,8,0.4,10,10
"599",6,0.1,18,10,5,8,0.4,10,10
"600",7,0.1,18,10,5,8,0.4,10,10
"601",8,0.1,18,10,5,8,0.4,10,10
"602",9,0.1,18,10,5,8,0.4,10,10
"603",10,0.1,18,10,5,8,0.4,10,10
"604",11,0.1,18,10,5,8,0.4,10,10
"605",12,0.1,18,10,5,8,0.4,10,10
"607",3,0.1,18,11,5,8,0.4,10,10
"608",4,0.1,18,11,5,8,0.4,10,10
"609",5,0.1,18,11,5,8,0.4,10,10
"610",6,0.1,18,11,5,8,0.4,10,10
"611",7,0.1,18,11,5,8,0.4,10,10
"612",8,0.1,18,11,5,8,0.4,10,10
"613",9,0.1,18,11,5,8,0.4,10,10
"614",10,0.1,18,11,5,8,0.4,10,10
"615",11,0.1,18,11,5,8,0.4,10,10
"616",12,0.1,18,11,5,8,0.4,10,10
"619",4,0.1,18,12,5,8,0.4,10,10
"620",5,0.1,18,12,5,8,0.4,10,10
"621",6,0.1,18,12,5,8,0.4,10,10
"622",7,0.1,18,12,5,8,0.4,10,10
"623",8,0.1,18,12,5,8,0.4,10,10
"624",9,0.1,18,12,5,8,0.4,10,10
"625",10,0.1,18,12,5,8,0.4,10,10
"626",11,0.1,18,12,5,8,0.4,10,10
"627",12,0.1,18,12,5,8,0.4,10,10
"630",4,0.1,18,13,5,8,0.4,10,10
"631",5,0.1,18,13,5,8,0.4,10,10
"632",6,0.1,18,13,5,8,0.4,10,10
"633",7,0.1,18,13,5,8,0.4,10,10
"634",8,0.1,18,13,5,8,0.4,10,10
"635",9,0.1,18,13,5,8,0.4,10,10
"636",10,0.1,18,13,5,8,0.4,10,10
"637",11,0.1,18,13,5,8,0.4,10,10
"638",12,0.1,18,13,5,8,0.4,10,10
"640",3,0.1,18,14,5,8,0.4,10,10
"641",4,0.1,18,14,5,8,0.4,10,10
"642",5,0.1,18,14,5,8,0.4,10,10
"644",7,0.1,18,14,5,8,0.4,10,10
"645",8,0.1,18,14,5,8,0.4,10,10
"646",9,0.1,18,14,5,8,0.4,10,10
"647",10,0.1,18,14,5,8,0.4,10,10
"648",11,0.1,18,14,5,8,0.4,10,10
"649",12,0.1,18,14,5,8,0.4,10,10
"651",3,0.1,18,15,5,8,0.4,10,10
"653",5,0.1,18,15,5,8,0.4,10,10
"654",6,0.1,18,15,5,8,0.4,10,10
"655",7,0.1,18,15,5,8,0.4,10,10
"656",8,0.1,18,15,5,8,0.4,10,10
"657",9,0.1,18,15,5,8,0.4,10,10
"658",10,0.1,18,15,5,8,0.4,10,10
"659",11,0.1,18,15,5,8,0.4,10,10
"660",12,0.1,18,15,5,8,0.4,10,10
"663",4,0.1,18,16,5,8,0.4,10,10
"665",6,0.1,18,16,5,8,0.4,10,10
"666",7,0.1,18,16,5,8,0.4,10,10
"667",8,0.1,18,16,5,8,0.4,10,10
"668",9,0.1,18,16,5,8,0.4,10,10
"669",10,0.1,18,16,5,8,0.4,10,10
"670",11,0.1,18,16,5,8,0.4,10,10
"671",12,0.1,18,16,5,8,0.4,10,10
"676",6,0.1,18,17,5,8,0.4,10,10
"677",7,0.1,18,17,5,8,0.4,10,10
"680",10,0.1,18,17,5,8,0.4,10,10
"681",11,0.1,18,17,5,8,0.4,10,10
"682",12,0.1,18,17,5,8,0.4,10,10
"695",3,0.1,18,10,10,8,0.4,10,10
"696",4,0.1,18,10,10,8,0.4,10,10
"697",5,0.1,18,10,10,8,0.4,10,10
"698",6,0.1,18,10,10,8,0.4,10,10
"699",7,0.1,18,10,10,8,0.4,10,10
"700",8,0.1,18,10,10,8,0.4,10,10
"701",9,0.1,18,10,10,8,0.4,10,10
"702",10,0.1,18,10,10,8,0.4,10,10
"703",11,0.1,18,10,10,8,0.4,10,10
"704",12,0.1,18,10,10,8,0.4,10,10
"706",3,0.1,18,11,10,8,0.4,10,10
"707",4,0.1,18,11,10,8,0.4,10,10
"708",5,0.1,18,11,10,8,0.4,10,10
"709",6,0.1,18,11,10,8,0.4,10,10
"710",7,0.1,18,11,10,8,0.4,10,10
"711",8,0.1,18,11,10,8,0.4,10,10
"712",9,0.1,18,11,10,8,0.4,10,10
"713",10,0.1,18,11,10,8,0.4,10,10
"714",11,0.1,18,11,10,8,0.4,10,10
"715",12,0.1,18,11,10,8,0.4,10,10
"717",3,0.1,18,12,10,8,0.4,10,10
"718",4,0.1,18,12,10,8,0.4,10,10
"719",5,0.1,18,12,10,8,0.4,10,10
"720",6,0.1,18,12,10,8,0.4,10,10
"721",7,0.1,18,12,10,8,0.4,10,10
"722",8,0.1,18,12,10,8,0.4,10,10
"723",9,0.1,18,12,10,8,0.4,10,10
"724",10,0.1,18,12,10,8,0.4,10,10
"725",11,0.1,18,12,10,8,0.4,10,10
"726",12,0.1,18,12,10,8,0.4,10,10
"728",3,0.1,18,13,10,8,0.4,10,10
"729",4,0.1,18,13,10,8,0.4,10,10
"730",5,0.1,18,13,10,8,0.4,10,10
"731",6,0.1,18,13,10,8,0.4,10,10
"732",7,0.1,18,13,10,8,0.4,10,10
"733",8,0.1,18,13,10,8,0.4,10,10
"734",9,0.1,18,13,10,8,0.4,10,10
"735",10,0.1,18,13,10,8,0.4,10,10
"736",11,0.1,18,13,10,8,0.4,10,10
"737",12,0.1,18,13,10,8,0.4,10,10
"740",4,0.1,18,14,10,8,0.4,10,10
"741",5,0.1,18,14,10,8,0.4,10,10
"742",6,0.1,18,14,10,8,0.4,10,10
"743",7,0.1,18,14,10,8,0.4,10,10
"744",8,0.1,18,14,10,8,0.4,10,10
"745",9,0.1,18,14,10,8,0.4,10,10
"746",10,0.1,18,14,10,8,0.4,10,10
"747",11,0.1,18,14,10,8,0.4,10,10
"748",12,0.1,18,14,10,8,0.4,10,10
"751",4,0.1,18,15,10,8,0.4,10,10
"752",5,0.1,18,15,10,8,0.4,10,10
"753",6,0.1,18,15,10,8,0.4,10,10
"754",7,0.1,18,15,10,8,0.4,10,10
"755",8,0.1,18,15,10,8,0.4,10,10
"756",9,0.1,18,15,10,8,0.4,10,10
"757",10,0.1,18,15,10,8,0.4,10,10
"758",11,0.1,18,15,10,8,0.4,10,10
"759",12,0.1,18,15,10,8,0.4,10,10
"763",5,0.1,18,16,10,8,0.4,10,10
"764",6,0.1,18,16,10,8,0.4,10,10
"765",7,0.1,18,16,10,8,0.4,10,10
"767",9,0.1,18,16,10,8,0.4,10,10
"768",10,0.1,18,16,10,8,0.4,10,10
"769",11,0.1,18,16,10,8,0.4,10,10
"770",12,0.1,18,16,10,8,0.4,10,10
"777",8,0.1,18,17,10,8,0.4,10,10
"778",9,0.1,18,17,10,8,0.4,10,10
"779",10,0.1,18,17,10,8,0.4,10,10
"780",11,0.1,18,17,10,8,0.4,10,10
"781",12,0.1,18,17,10,8,0.4,10,10
"793",2,0.1,18,10,0,9,0.4,10,10
"794",3,0.1,18,10,0,9,0.4,10,10
"795",4,0.1,18,10,0,9,0.4,10,10
"796",5,0.1,18,10,0,9,0.4,10,10
"797",6,0.1,18,10,0,9,0.4,10,10
"798",7,0.1,18,10,0,9,0.4,10,10
"799",8,0.1,18,10,0,9,0.4,10,10
"800",9,0.1,18,10,0,9,0.4,10,10
"801",10,0.1,18,10,0,9,0.4,10,10
"802",11,0.1,18,10,0,9,0.4,10,10
"803",12,0.1,18,10,0,9,0.4,10,10
"892",2,0.1,18,10,0.1,9,0.4,10,10
"893",3,0.1,18,10,0.1,9,0.4,10,10
"894",4,0.1,18,10,0.1,9,0.4,10,10
"895",5,0.1,18,10,0.1,9,0.4,10,10
"896",6,0.1,18,10,0.1,9,0.4,10,10
"897",7,0.1,18,10,0.1,9,0.4,10,10
"898",8,0.1,18,10,0.1,9,0.4,10,10
"899",9,0.1,18,10,0.1,9,0.4,10,10
"900",10,0.1,18,10,0.1,9,0.4,10,10
"901",11,0.1,18,10,0.1,9,0.4,10,10
"902",12,0.1,18,10,0.1,9,0.4,10,10
"903",2,0.1,18,11,0.1,9,0.4,10,10
"904",3,0.1,18,11,0.1,9,0.4,10,10
"905",4,0.1,18,11,0.1,9,0.4,10,10
"906",5,0.1,18,11,0.1,9,0.4,10,10
"907",6,0.1,18,11,0.1,9,0.4,10,10
"908",7,0.1,18,11,0.1,9,0.4,10,10
"909",8,0.1,18,11,0.1,9,0.4,10,10
"910",9,0.1,18,11,0.1,9,0.4,10,10
"911",10,0.1,18,11,0.1,9,0.4,10,10
"912",11,0.1,18,11,0.1,9,0.4,10,10
"913",12,0.1,18,11,0.1,9,0.4,10,10
"914",2,0.1,18,12,0.1,9,0.4,10,10
"915",3,0.1,18,12,0.1,9,0.4,10,10
"916",4,0.1,18,12,0.1,9,0.4,10,10
"917",5,0.1,18,12,0.1,9,0.4,10,10
"918",6,0.1,18,12,0.1,9,0.4,10,10
"919",7,0.1,18,12,0.1,9,0.4,10,10
"920",8,0.1,18,12,0.1,9,0.4,10,10
"921",9,0.1,18,12,0.1,9,0.4,10,10
"922",10,0.1,18,12,0.1,9,0.4,10,10
"923",11,0.1,18,12,0.1,9,0.4,10,10
"924",12,0.1,18,12,0.1,9,0.4,10,10
"925",2,0.1,18,13,0.1,9,0.4,10,10
"926",3,0.1,18,13,0.1,9,0.4,10,10
"927",4,0.1,18,13,0.1,9,0.4,10,10
"928",5,0.1,18,13,0.1,9,0.4,10,10
"929",6,0.1,18,13,0.1,9,0.4,10,10
"930",7,0.1,18,13,0.1,9,0.4,10,10
"931",8,0.1,18,13,0.1,9,0.4,10,10
"932",9,0.1,18,13,0.1,9,0.4,10,10
"933",10,0.1,18,13,0.1,9,0.4,10,10
"934",11,0.1,18,13,0.1,9,0.4,10,10
"935",12,0.1,18,13,0.1,9,0.4,10,10
"936",2,0.1,18,14,0.1,9,0.4,10,10
"937",3,0.1,18,14,0.1,9,0.4,10,10
"938",4,0.1,18,14,0.1,9,0.4,10,10
"939",5,0.1,18,14,0.1,9,0.4,10,10
"940",6,0.1,18,14,0.1,9,0.4,10,10
"941",7,0.1,18,14,0.1,9,0.4,10,10
"942",8,0.1,18,14,0.1,9,0.4,10,10
"943",9,0.1,18,14,0.1,9,0.4,10,10
"944",10,0.1,18,14,0.1,9,0.4,10,10
"945",11,0.1,18,14,0.1,9,0.4,10,10
"946",12,0.1,18,14,0.1,9,0.4,10,10
"947",2,0.1,18,15,0.1,9,0.4,10,10
"948",3,0.1,18,15,0.1,9,0.4,10,10
"949",4,0.1,18,15,0.1,9,0.4,10,10
"950",5,0.1,18,15,0.1,9,0.4,10,10
"951",6,0.1,18,15,0.1,9,0.4,10,10
"952",7,0.1,18,15,0.1,9,0.4,10,10
"953",8,0.1,18,15,0.1,9,0.4,10,10
"954",9,0.1,18,15,0.1,9,0.4,10,10
"955",10,0.1,18,15,0.1,9,0.4,10,10
"956",11,0.1,18,15,0.1,9,0.4,10,10
"957",12,0.1,18,15,0.1,9,0.4,10,10
"958",2,0.1,18,16,0.1,9,0.4,10,10
"959",3,0.1,18,16,0.1,9,0.4,10,10
"960",4,0.1,18,16,0.1,9,0.4,10,10
"961",5,0.1,18,16,0.1,9,0.4,10,10
"962",6,0.1,18,16,0.1,9,0.4,10,10
"963",7,0.1,18,16,0.1,9,0.4,10,10
"964",8,0.1,18,16,0.1,9,0.4,10,10
"965",9,0.1,18,16,0.1,9,0.4,10,10
"966",10,0.1,18,16,0.1,9,0.4,10,10
"967",11,0.1,18,16,0.1,9,0.4,10,10
"968",12,0.1,18,16,0.1,9,0.4,10,10
"969",2,0.1,18,17,0.1,9,0.4,10,10
"970",3,0.1,18,17,0.1,9,0.4,10,10
"971",4,0.1,18,17,0.1,9,0.4,10,10
"972",5,0.1,18,17,0.1,9,0.4,10,10
"973",6,0.1,18,17,0.1,9,0.4,10,10
"974",7,0.1,18,17,0.1,9,0.4,10,10
"975",8,0.1,18,17,0.1,9,0.4,10,10
"976",9,0.1,18,17,0.1,9,0.4,10,10
"977",10,0.1,18,17,0.1,9,0.4,10,10
"978",11,0.1,18,17,0.1,9,0.4,10,10
"979",12,0.1,18,17,0.1,9,0.4,10,10
"995",6,0.1,18,10,0.5,9,0.4,10,10
"996",7,0.1,18,10,0.5,9,0.4,10,10
"997",8,0.1,18,10,0.5,9,0.4,10,10
"998",9,0.1,18,10,0.5,9,0.4,10,10
"999",10,0.1,18,10,0.5,9,0.4,10,10
"1000",11,0.1,18,10,0.5,9,0.4,10,10
"1001",12,0.1,18,10,0.5,9,0.4,10,10
"1004",4,0.1,18,11,0.5,9,0.4,10,10
"1005",5,0.1,18,11,0.5,9,0.4,10,10
"1006",6,0.1,18,11,0.5,9,0.4,10,10
"1007",7,0.1,18,11,0.5,9,0.4,10,10
"1008",8,0.1,18,11,0.5,9,0.4,10,10
"1009",9,0.1,18,11,0.5,9,0.4,10,10
"1010",10,0.1,18,11,0.5,9,0.4,10,10
"1011",11,0.1,18,11,0.5,9,0.4,10,10
"1012",12,0.1,18,11,0.5,9,0.4,10,10
"1016",5,0.1,18,12,0.5,9,0.4,10,10
"1017",6,0.1,18,12,0.5,9,0.4,10,10
"1018",7,0.1,18,12,0.5,9,0.4,10,10
"1019",8,0.1,18,12,0.5,9,0.4,10,10
"1020",9,0.1,18,12,0.5,9,0.4,10,10
"1021",10,0.1,18,12,0.5,9,0.4,10,10
"1022",11,0.1,18,12,0.5,9,0.4,10,10
"1023",12,0.1,18,12,0.5,9,0.4,10,10
"1029",7,0.1,18,13,0.5,9,0.4,10,10
"1030",8,0.1,18,13,0.5,9,0.4,10,10
"1031",9,0.1,18,13,0.5,9,0.4,10,10
"1032",10,0.1,18,13,0.5,9,0.4,10,10
"1033",11,0.1,18,13,0.5,9,0.4,10,10
"1034",12,0.1,18,13,0.5,9,0.4,10,10
"1036",3,0.1,18,14,0.5,9,0.4,10,10
"1038",5,0.1,18,14,0.5,9,0.4,10,10
"1039",6,0.1,18,14,0.5,9,0.4,10,10
"1041",8,0.1,18,14,0.5,9,0.4,10,10
"1042",9,0.1,18,14,0.5,9,0.4,10,10
"1043",10,0.1,18,14,0.5,9,0.4,10,10
"1044",11,0.1,18,14,0.5,9,0.4,10,10
"1045",12,0.1,18,14,0.5,9,0.4,10,10
"1049",5,0.1,18,15,0.5,9,0.4,10,10
"1051",7,0.1,18,15,0.5,9,0.4,10,10
"1052",8,0.1,18,15,0.5,9,0.4,10,10
"1054",10,0.1,18,15,0.5,9,0.4,10,10
"1055",11,0.1,18,15,0.5,9,0.4,10,10
"1056",12,0.1,18,15,0.5,9,0.4,10,10
"1061",6,0.1,18,16,0.5,9,0.4,10,10
"1063",8,0.1,18,16,0.5,9,0.4,10,10
"1064",9,0.1,18,16,0.5,9,0.4,10,10
"1065",10,0.1,18,16,0.5,9,0.4,10,10
"1066",11,0.1,18,16,0.5,9,0.4,10,10
"1067",12,0.1,18,16,0.5,9,0.4,10,10
"1073",7,0.1,18,17,0.5,9,0.4,10,10
"1074",8,0.1,18,17,0.5,9,0.4,10,10
"1077",11,0.1,18,17,0.5,9,0.4,10,10
"1078",12,0.1,18,17,0.5,9,0.4,10,10
"1091",3,0.1,18,10,1,9,0.4,10,10
"1092",4,0.1,18,10,1,9,0.4,10,10
"1093",5,0.1,18,10,1,9,0.4,10,10
"1094",6,0.1,18,10,1,9,0.4,10,10
"1095",7,0.1,18,10,1,9,0.4,10,10
"1096",8,0.1,18,10,1,9,0.4,10,10
"1097",9,0.1,18,10,1,9,0.4,10,10
"1098",10,0.1,18,10,1,9,0.4,10,10
"1099",11,0.1,18,10,1,9,0.4,10,10
"1100",12,0.1,18,10,1,9,0.4,10,10
"1103",4,0.1,18,11,1,9,0.4,10,10
"1104",5,0.1,18,11,1,9,0.4,10,10
"1105",6,0.1,18,11,1,9,0.4,10,10
"1106",7,0.1,18,11,1,9,0.4,10,10
"1107",8,0.1,18,11,1,9,0.4,10,10
"1108",9,0.1,18,11,1,9,0.4,10,10
"1109",10,0.1,18,11,1,9,0.4,10,10
"1110",11,0.1,18,11,1,9,0.4,10,10
"1111",12,0.1,18,11,1,9,0.4,10,10
"1113",3,0.1,18,12,1,9,0.4,10,10
"1114",4,0.1,18,12,1,9,0.4,10,10
"1115",5,0.1,18,12,1,9,0.4,10,10
"1116",6,0.1,18,12,1,9,0.4,10,10
"1117",7,0.1,18,12,1,9,0.4,10,10
"1118",8,0.1,18,12,1,9,0.4,10,10
"1119",9,0.1,18,12,1,9,0.4,10,10
"1120",10,0.1,18,12,1,9,0.4,10,10
"1121",11,0.1,18,12,1,9,0.4,10,10
"1122",12,0.1,18,12,1,9,0.4,10,10
"1124",3,0.1,18,13,1,9,0.4,10,10
"1125",4,0.1,18,13,1,9,0.4,10,10
"1126",5,0.1,18,13,1,9,0.4,10,10
"1127",6,0.1,18,13,1,9,0.4,10,10
"1128",7,0.1,18,13,1,9,0.4,10,10
"1129",8,0.1,18,13,1,9,0.4,10,10
"1130",9,0.1,18,13,1,9,0.4,10,10
"1131",10,0.1,18,13,1,9,0.4,10,10
"1132",11,0.1,18,13,1,9,0.4,10,10
"1133",12,0.1,18,13,1,9,0.4,10,10
"1136",4,0.1,18,14,1,9,0.4,10,10
"1137",5,0.1,18,14,1,9,0.4,10,10
"1138",6,0.1,18,14,1,9,0.4,10,10
"1139",7,0.1,18,14,1,9,0.4,10,10
"1140",8,0.1,18,14,1,9,0.4,10,10
"1141",9,0.1,18,14,1,9,0.4,10,10
"1142",10,0.1,18,14,1,9,0.4,10,10
"1143",11,0.1,18,14,1,9,0.4,10,10
"1144",12,0.1,18,14,1,9,0.4,10,10
"1149",6,0.1,18,15,1,9,0.4,10,10
"1150",7,0.1,18,15,1,9,0.4,10,10
"1151",8,0.1,18,15,1,9,0.4,10,10
"1152",9,0.1,18,15,1,9,0.4,10,10
"1153",10,0.1,18,15,1,9,0.4,10,10
"1154",11,0.1,18,15,1,9,0.4,10,10
"1155",12,0.1,18,15,1,9,0.4,10,10
"1158",4,0.1,18,16,1,9,0.4,10,10
"1159",5,0.1,18,16,1,9,0.4,10,10
"1160",6,0.1,18,16,1,9,0.4,10,10
"1161",7,0.1,18,16,1,9,0.4,10,10
"1162",8,0.1,18,16,1,9,0.4,10,10
"1163",9,0.1,18,16,1,9,0.4,10,10
"1164",10,0.1,18,16,1,9,0.4,10,10
"1165",11,0.1,18,16,1,9,0.4,10,10
"1166",12,0.1,18,16,1,9,0.4,10,10
"1168",3,0.1,18,17,1,9,0.4,10,10
"1170",5,0.1,18,17,1,9,0.4,10,10
"1171",6,0.1,18,17,1,9,0.4,10,10
"1172",7,0.1,18,17,1,9,0.4,10,10
"1173",8,0.1,18,17,1,9,0.4,10,10
"1174",9,0.1,18,17,1,9,0.4,10,10
"1175",10,0.1,18,17,1,9,0.4,10,10
"1176",11,0.1,18,17,1,9,0.4,10,10
"1177",12,0.1,18,17,1,9,0.4,10,10
"1190",3,0.1,18,10,2,9,0.4,10,10
"1191",4,0.1,18,10,2,9,0.4,10,10
"1192",5,0.1,18,10,2,9,0.4,10,10
"1193",6,0.1,18,10,2,9,0.4,10,10
"1194",7,0.1,18,10,2,9,0.4,10,10
"1195",8,0.1,18,10,2,9,0.4,10,10
"1196",9,0.1,18,10,2,9,0.4,10,10
"1197",10,0.1,18,10,2,9,0.4,10,10
"1198",11,0.1,18,10,2,9,0.4,10,10
"1199",12,0.1,18,10,2,9,0.4,10,10
"1201",3,0.1,18,11,2,9,0.4,10,10
"1202",4,0.1,18,11,2,9,0.4,10,10
"1203",5,0.1,18,11,2,9,0.4,10,10
"1204",6,0.1,18,11,2,9,0.4,10,10
"1205",7,0.1,18,11,2,9,0.4,10,10
"1206",8,0.1,18,11,2,9,0.4,10,10
"1207",9,0.1,18,11,2,9,0.4,10,10
"1208",10,0.1,18,11,2,9,0.4,10,10
"1209",11,0.1,18,11,2,9,0.4,10,10
"1210",12,0.1,18,11,2,9,0.4,10,10
"1212",3,0.1,18,12,2,9,0.4,10,10
"1213",4,0.1,18,12,2,9,0.4,10,10
"1214",5,0.1,18,12,2,9,0.4,10,10
"1215",6,0.1,18,12,2,9,0.4,10,10
"1216",7,0.1,18,12,2,9,0.4,10,10
"1217",8,0.1,18,12,2,9,0.4,10,10
"1218",9,0.1,18,12,2,9,0.4,10,10
"1219",10,0.1,18,12,2,9,0.4,10,10
"1220",11,0.1,18,12,2,9,0.4,10,10
"1221",12,0.1,18,12,2,9,0.4,10,10
"1224",4,0.1,18,13,2,9,0.4,10,10
"1225",5,0.1,18,13,2,9,0.4,10,10
"1226",6,0.1,18,13,2,9,0.4,10,10
"1227",7,0.1,18,13,2,9,0.4,10,10
"1228",8,0.1,18,13,2,9,0.4,10,10
"1229",9,0.1,18,13,2,9,0.4,10,10
"1230",10,0.1,18,13,2,9,0.4,10,10
"1231",11,0.1,18,13,2,9,0.4,10,10
"1232",12,0.1,18,13,2,9,0.4,10,10
"1234",3,0.1,18,14,2,9,0.4,10,10
"1235",4,0.1,18,14,2,9,0.4,10,10
"1236",5,0.1,18,14,2,9,0.4,10,10
"1237",6,0.1,18,14,2,9,0.4,10,10
"1238",7,0.1,18,14,2,9,0.4,10,10
"1239",8,0.1,18,14,2,9,0.4,10,10
"1240",9,0.1,18,14,2,9,0.4,10,10
"1241",10,0.1,18,14,2,9,0.4,10,10
"1242",11,0.1,18,14,2,9,0.4,10,10
"1243",12,0.1,18,14,2,9,0.4,10,10
"1245",3,0.1,18,15,2,9,0.4,10,10
"1247",5,0.1,18,15,2,9,0.4,10,10
"1248",6,0.1,18,15,2,9,0.4,10,10
"1249",7,0.1,18,15,2,9,0.4,10,10
"1250",8,0.1,18,15,2,9,0.4,10,10
"1251",9,0.1,18,15,2,9,0.4,10,10
"1252",10,0.1,18,15,2,9,0.4,10,10
"1253",11,0.1,18,15,2,9,0.4,10,10
"1254",12,0.1,18,15,2,9,0.4,10,10
"1257",4,0.1,18,16,2,9,0.4,10,10
"1258",5,0.1,18,16,2,9,0.4,10,10
"1259",6,0.1,18,16,2,9,0.4,10,10
"1260",7,0.1,18,16,2,9,0.4,10,10
"1261",8,0.1,18,16,2,9,0.4,10,10
"1262",9,0.1,18,16,2,9,0.4,10,10
"1263",10,0.1,18,16,2,9,0.4,10,10
"1264",11,0.1,18,16,2,9,0.4,10,10
"1265",12,0.1,18,16,2,9,0.4,10,10
"1270",6,0.1,18,17,2,9,0.4,10,10
"1271",7,0.1,18,17,2,9,0.4,10,10
"1272",8,0.1,18,17,2,9,0.4,10,10
"1273",9,0.1,18,17,2,9,0.4,10,10
"1274",10,0.1,18,17,2,9,0.4,10,10
"1275",11,0.1,18,17,2,9,0.4,10,10
"1276",12,0.1,18,17,2,9,0.4,10,10
"1289",3,0.1,18,10,3,9,0.4,10,10
"1290",4,0.1,18,10,3,9,0.4,10,10
"1291",5,0.1,18,10,3,9,0.4,10,10
"1292",6,0.1,18,10,3,9,0.4,10,10
"1293",7,0.1,18,10,3,9,0.4,10,10
"1294",8,0.1,18,10,3,9,0.4,10,10
"1295",9,0.1,18,10,3,9,0.4,10,10
"1296",10,0.1,18,10,3,9,0.4,10,10
"1297",11,0.1,18,10,3,9,0.4,10,10
"1298",12,0.1,18,10,3,9,0.4,10,10
"1301",4,0.1,18,11,3,9,0.4,10,10
"1302",5,0.1,18,11,3,9,0.4,10,10
"1303",6,0.1,18,11,3,9,0.4,10,10
"1304",7,0.1,18,11,3,9,0.4,10,10
"1305",8,0.1,18,11,3,9,0.4,10,10
"1306",9,0.1,18,11,3,9,0.4,10,10
"1307",10,0.1,18,11,3,9,0.4,10,10
"1308",11,0.1,18,11,3,9,0.4,10,10
"1309",12,0.1,18,11,3,9,0.4,10,10
"1311",3,0.1,18,12,3,9,0.4,10,10
"1312",4,0.1,18,12,3,9,0.4,10,10
"1313",5,0.1,18,12,3,9,0.4,10,10
"1314",6,0.1,18,12,3,9,0.4,10,10
"1315",7,0.1,18,12,3,9,0.4,10,10
"1316",8,0.1,18,12,3,9,0.4,10,10
"1317",9,0.1,18,12,3,9,0.4,10,10
"1318",10,0.1,18,12,3,9,0.4,10,10
"1319",11,0.1,18,12,3,9,0.4,10,10
"1320",12,0.1,18,12,3,9,0.4,10,10
"1322",3,0.1,18,13,3,9,0.4,10,10
"1323",4,0.1,18,13,3,9,0.4,10,10
"1324",5,0.1,18,13,3,9,0.4,10,10
"1325",6,0.1,18,13,3,9,0.4,10,10
"1326",7,0.1,18,13,3,9,0.4,10,10
"1327",8,0.1,18,13,3,9,0.4,10,10
"1328",9,0.1,18,13,3,9,0.4,10,10
"1329",10,0.1,18,13,3,9,0.4,10,10
"1330",11,0.1,18,13,3,9,0.4,10,10
"1331",12,0.1,18,13,3,9,0.4,10,10
"1334",4,0.1,18,14,3,9,0.4,10,10
"1336",6,0.1,18,14,3,9,0.4,10,10
"1337",7,0.1,18,14,3,9,0.4,10,10
"1338",8,0.1,18,14,3,9,0.4,10,10
"1339",9,0.1,18,14,3,9,0.4,10,10
"1340",10,0.1,18,14,3,9,0.4,10,10
"1341",11,0.1,18,14,3,9,0.4,10,10
"1342",12,0.1,18,14,3,9,0.4,10,10
"1345",4,0.1,18,15,3,9,0.4,10,10
"1346",5,0.1,18,15,3,9,0.4,10,10
"1347",6,0.1,18,15,3,9,0.4,10,10
"1349",8,0.1,18,15,3,9,0.4,10,10
"1350",9,0.1,18,15,3,9,0.4,10,10
"1351",10,0.1,18,15,3,9,0.4,10,10
"1352",11,0.1,18,15,3,9,0.4,10,10
"1353",12,0.1,18,15,3,9,0.4,10,10
"1355",3,0.1,18,16,3,9,0.4,10,10
"1357",5,0.1,18,16,3,9,0.4,10,10
"1359",7,0.1,18,16,3,9,0.4,10,10
"1360",8,0.1,18,16,3,9,0.4,10,10
"1361",9,0.1,18,16,3,9,0.4,10,10
"1362",10,0.1,18,16,3,9,0.4,10,10
"1363",11,0.1,18,16,3,9,0.4,10,10
"1364",12,0.1,18,16,3,9,0.4,10,10
"1367",4,0.1,18,17,3,9,0.4,10,10
"1368",5,0.1,18,17,3,9,0.4,10,10
"1371",8,0.1,18,17,3,9,0.4,10,10
"1372",9,0.1,18,17,3,9,0.4,10,10
"1374",11,0.1,18,17,3,9,0.4,10,10
"1375",12,0.1,18,17,3,9,0.4,10,10
"1388",3,0.1,18,10,5,9,0.4,10,10
"1389",4,0.1,18,10,5,9,0.4,10,10
"1390",5,0.1,18,10,5,9,0.4,10,10
"1391",6,0.1,18,10,5,9,0.4,10,10
"1392",7,0.1,18,10,5,9,0.4,10,10
"1393",8,0.1,18,10,5,9,0.4,10,10
"1394",9,0.1,18,10,5,9,0.4,10,10
"1395",10,0.1,18,10,5,9,0.4,10,10
"1396",11,0.1,18,10,5,9,0.4,10,10
"1397",12,0.1,18,10,5,9,0.4,10,10
"1399",3,0.1,18,11,5,9,0.4,10,10
"1400",4,0.1,18,11,5,9,0.4,10,10
"1401",5,0.1,18,11,5,9,0.4,10,10
"1402",6,0.1,18,11,5,9,0.4,10,10
"1403",7,0.1,18,11,5,9,0.4,10,10
"1404",8,0.1,18,11,5,9,0.4,10,10
"1405",9,0.1,18,11,5,9,0.4,10,10
"1406",10,0.1,18,11,5,9,0.4,10,10
"1407",11,0.1,18,11,5,9,0.4,10,10
"1408",12,0.1,18,11,5,9,0.4,10,10
"1411",4,0.1,18,12,5,9,0.4,10,10
"1412",5,0.1,18,12,5,9,0.4,10,10
"1413",6,0.1,18,12,5,9,0.4,10,10
"1414",7,0.1,18,12,5,9,0.4,10,10
"1415",8,0.1,18,12,5,9,0.4,10,10
"1416",9,0.1,18,12,5,9,0.4,10,10
"1417",10,0.1,18,12,5,9,0.4,10,10
"1418",11,0.1,18,12,5,9,0.4,10,10
"1419",12,0.1,18,12,5,9,0.4,10,10
"1422",4,0.1,18,13,5,9,0.4,10,10
"1423",5,0.1,18,13,5,9,0.4,10,10
"1424",6,0.1,18,13,5,9,0.4,10,10
"1425",7,0.1,18,13,5,9,0.4,10,10
"1426",8,0.1,18,13,5,9,0.4,10,10
"1427",9,0.1,18,13,5,9,0.4,10,10
"1428",10,0.1,18,13,5,9,0.4,10,10
"1429",11,0.1,18,13,5,9,0.4,10,10
"1430",12,0.1,18,13,5,9,0.4,10,10
"1432",3,0.1,18,14,5,9,0.4,10,10
"1433",4,0.1,18,14,5,9,0.4,10,10
"1434",5,0.1,18,14,5,9,0.4,10,10
"1436",7,0.1,18,14,5,9,0.4,10,10
"1437",8,0.1,18,14,5,9,0.4,10,10
"1438",9,0.1,18,14,5,9,0.4,10,10
"1439",10,0.1,18,14,5,9,0.4,10,10
"1440",11,0.1,18,14,5,9,0.4,10,10
"1441",12,0.1,18,14,5,9,0.4,10,10
"1443",3,0.1,18,15,5,9,0.4,10,10
"1445",5,0.1,18,15,5,9,0.4,10,10
"1446",6,0.1,18,15,5,9,0.4,10,10
"1447",7,0.1,18,15,5,9,0.4,10,10
"1448",8,0.1,18,15,5,9,0.4,10,10
"1449",9,0.1,18,15,5,9,0.4,10,10
"1450",10,0.1,18,15,5,9,0.4,10,10
"1451",11,0.1,18,15,5,9,0.4,10,10
"1452",12,0.1,18,15,5,9,0.4,10,10
"1455",4,0.1,18,16,5,9,0.4,10,10
"1457",6,0.1,18,16,5,9,0.4,10,10
"1458",7,0.1,18,16,5,9,0.4,10,10
"1459",8,0.1,18,16,5,9,0.4,10,10
"1460",9,0.1,18,16,5,9,0.4,10,10
"1461",10,0.1,18,16,5,9,0.4,10,10
"1462",11,0.1,18,16,5,9,0.4,10,10
"1463",12,0.1,18,16,5,9,0.4,10,10
"1468",6,0.1,18,17,5,9,0.4,10,10
"1469",7,0.1,18,17,5,9,0.4,10,10
"1472",10,0.1,18,17,5,9,0.4,10,10
"1473",11,0.1,18,17,5,9,0.4,10,10
"1474",12,0.1,18,17,5,9,0.4,10,10
"1487",3,0.1,18,10,10,9,0.4,10,10
"1488",4,0.1,18,10,10,9,0.4,10,10
"1489",5,0.1,18,10,10,9,0.4,10,10
"1490",6,0.1,18,10,10,9,0.4,10,10
"1491",7,0.1,18,10,10,9,0.4,10,10
"1492",8,0.1,18,10,10,9,0.4,10,10
"1493",9,0.1,18,10,10,9,0.4,10,10
"1494",10,0.1,18,10,10,9,0.4,10,10
"1495",11,0.1,18,10,10,9,0.4,10,10
"1496",12,0.1,18,10,10,9,0.4,10,10
"1498",3,0.1,18,11,10,9,0.4,10,10
"1499",4,0.1,18,11,10,9,0.4,10,10
"1500",5,0.1,18,11,10,9,0.4,10,10
"1501",6,0.1,18,11,10,9,0.4,10,10
"1502",7,0.1,18,11,10,9,0.4,10,10
"1503",8,0.1,18,11,10,9,0.4,10,10
"1504",9,0.1,18,11,10,9,0.4,10,10
"1505",10,0.1,18,11,10,9,0.4,10,10
"1506",11,0.1,18,11,10,9,0.4,10,10
"1507",12,0.1,18,11,10,9,0.4,10,10
"1509",3,0.1,18,12,10,9,0.4,10,10
"1510",4,0.1,18,12,10,9,0.4,10,10
"1511",5,0.1,18,12,10,9,0.4,10,10
"1512",6,0.1,18,12,10,9,0.4,10,10
"1513",7,0.1,18,12,10,9,0.4,10,10
"1514",8,0.1,18,12,10,9,0.4,10,10
"1515",9,0.1,18,12,10,9,0.4,10,10
"1516",10,0.1,18,12,10,9,0.4,10,10
"1517",11,0.1,18,12,10,9,0.4,10,10
"1518",12,0.1,18,12,10,9,0.4,10,10
"1520",3,0.1,18,13,10,9,0.4,10,10
"1521",4,0.1,18,13,10,9,0.4,10,10
"1522",5,0.1,18,13,10,9,0.4,10,10
"1523",6,0.1,18,13,10,9,0.4,10,10
"1524",7,0.1,18,13,10,9,0.4,10,10
"1525",8,0.1,18,13,10,9,0.4,10,10
"1526",9,0.1,18,13,10,9,0.4,10,10
"1527",10,0.1,18,13,10,9,0.4,10,10
"1528",11,0.1,18,13,10,9,0.4,10,10
"1529",12,0.1,18,13,10,9,0.4,10,10
"1532",4,0.1,18,14,10,9,0.4,10,10
"1533",5,0.1,18,14,10,9,0.4,10,10
"1534",6,0.1,18,14,10,9,0.4,10,10
"1535",7,0.1,18,14,10,9,0.4,10,10
"1536",8,0.1,18,14,10,9,0.4,10,10
"1537",9,0.1,18,14,10,9,0.4,10,10
"1538",10,0.1,18,14,10,9,0.4,10,10
"1539",11,0.1,18,14,10,9,0.4,10,10
"1540",12,0.1,18,14,10,9,0.4,10,10
"1543",4,0.1,18,15,10,9,0.4,10,10
"1544",5,0.1,18,15,10,9,0.4,10,10
"1545",6,0.1,18,15,10,9,0.4,10,10
"1546",7,0.1,18,15,10,9,0.4,10,10
"1547",8,0.1,18,15,10,9,0.4,10,10
"1548",9,0.1,18,15,10,9,0.4,10,10
"1549",10,0.1,18,15,10,9,0.4,10,10
"1550",11,0.1,18,15,10,9,0.4,10,10
"1551",12,0.1,18,15,10,9,0.4,10,10
"1555",5,0.1,18,16,10,9,0.4,10,10
"1556",6,0.1,18,16,10,9,0.4,10,10
"1557",7,0.1,18,16,10,9,0.4,10,10
"1559",9,0.1,18,16,10,9,0.4,10,10
"1560",10,0.1,18,16,10,9,0.4,10,10
"1561",11,0.1,18,16,10,9,0.4,10,10
"1562",12,0.1,18,16,10,9,0.4,10,10
"1569",8,0.1,18,17,10,9,0.4,10,10
"1570",9,0.1,18,17,10,9,0.4,10,10
"1571",10,0.1,18,17,10,9,0.4,10,10
"1572",11,0.1,18,17,10,9,0.4,10,10
"1573",12,0.1,18,17,10,9,0.4,10,10
"1585",2,0.1,18,10,0,10,0.4,10,10
"1586",3,0.1,18,10,0,10,0.4,10,10
"1587",4,0.1,18,10,0,10,0.4,10,10
"1588",5,0.1,18,10,0,10,0.4,10,10
"1589",6,0.1,18,10,0,10,0.4,10,10
"1590",7,0.1,18,10,0,10,0.4,10,10
"1591",8,0.1,18,10,0,10,0.4,10,10
"1592",9,0.1,18,10,0,10,0.4,10,10
"1593",10,0.1,18,10,0,10,0.4,10,10
"1594",11,0.1,18,10,0,10,0.4,10,10
"1595",12,0.1,18,10,0,10,0.4,10,10
"1695",2,0.1,18,11,0.1,10,0.4,10,10
"1696",3,0.1,18,11,0.1,10,0.4,10,10
"1697",4,0.1,18,11,0.1,10,0.4,10,10
"1698",5,0.1,18,11,0.1,10,0.4,10,10
"1699",6,0.1,18,11,0.1,10,0.4,10,10
"1700",7,0.1,18,11,0.1,10,0.4,10,10
"1701",8,0.1,18,11,0.1,10,0.4,10,10
"1702",9,0.1,18,11,0.1,10,0.4,10,10
"1703",10,0.1,18,11,0.1,10,0.4,10,10
"1704",11,0.1,18,11,0.1,10,0.4,10,10
"1705",12,0.1,18,11,0.1,10,0.4,10,10
"1706",2,0.1,18,12,0.1,10,0.4,10,10
"1707",3,0.1,18,12,0.1,10,0.4,10,10
"1708",4,0.1,18,12,0.1,10,0.4,10,10
"1709",5,0.1,18,12,0.1,10,0.4,10,10
"1710",6,0.1,18,12,0.1,10,0.4,10,10
"1711",7,0.1,18,12,0.1,10,0.4,10,10
"1712",8,0.1,18,12,0.1,10,0.4,10,10
"1713",9,0.1,18,12,0.1,10,0.4,10,10
"1714",10,0.1,18,12,0.1,10,0.4,10,10
"1715",11,0.1,18,12,0.1,10,0.4,10,10
"1716",12,0.1,18,12,0.1,10,0.4,10,10
"1717",2,0.1,18,13,0.1,10,0.4,10,10
"1718",3,0.1,18,13,0.1,10,0.4,10,10
"1719",4,0.1,18,13,0.1,10,0.4,10,10
"1720",5,0.1,18,13,0.1,10,0.4,10,10
"1721",6,0.1,18,13,0.1,10,0.4,10,10
"1722",7,0.1,18,13,0.1,10,0.4,10,10
"1723",8,0.1,18,13,0.1,10,0.4,10,10
"1724",9,0.1,18,13,0.1,10,0.4,10,10
"1725",10,0.1,18,13,0.1,10,0.4,10,10
"1726",11,0.1,18,13,0.1,10,0.4,10,10
"1727",12,0.1,18,13,0.1,10,0.4,10,10
"1728",2,0.1,18,14,0.1,10,0.4,10,10
"1729",3,0.1,18,14,0.1,10,0.4,10,10
"1730",4,0.1,18,14,0.1,10,0.4,10,10
"1731",5,0.1,18,14,0.1,10,0.4,10,10
"1732",6,0.1,18,14,0.1,10,0.4,10,10
"1733",7,0.1,18,14,0.1,10,0.4,10,10
"1734",8,0.1,18,14,0.1,10,0.4,10,10
"1735",9,0.1,18,14,0.1,10,0.4,10,10
"1736",10,0.1,18,14,0.1,10,0.4,10,10
"1737",11,0.1,18,14,0.1,10,0.4,10,10
"1738",12,0.1,18,14,0.1,10,0.4,10,10
"1739",2,0.1,18,15,0.1,10,0.4,10,10
"1740",3,0.1,18,15,0.1,10,0.4,10,10
"1741",4,0.1,18,15,0.1,10,0.4,10,10
"1742",5,0.1,18,15,0.1,10,0.4,10,10
"1743",6,0.1,18,15,0.1,10,0.4,10,10
"1744",7,0.1,18,15,0.1,10,0.4,10,10
"1745",8,0.1,18,15,0.1,10,0.4,10,10
"1746",9,0.1,18,15,0.1,10,0.4,10,10
"1747",10,0.1,18,15,0.1,10,0.4,10,10
"1748",11,0.1,18,15,0.1,10,0.4,10,10
"1749",12,0.1,18,15,0.1,10,0.4,10,10
"1750",2,0.1,18,16,0.1,10,0.4,10,10
"1751",3,0.1,18,16,0.1,10,0.4,10,10
"1752",4,0.1,18,16,0.1,10,0.4,10,10
"1753",5,0.1,18,16,0.1,10,0.4,10,10
"1754",6,0.1,18,16,0.1,10,0.4,10,10
"1755",7,0.1,18,16,0.1,10,0.4,10,10
"1756",8,0.1,18,16,0.1,10,0.4,10,10
"1757",9,0.1,18,16,0.1,10,0.4,10,10
"1758",10,0.1,18,16,0.1,10,0.4,10,10
"1759",11,0.1,18,16,0.1,10,0.4,10,10
"1760",12,0.1,18,16,0.1,10,0.4,10,10
"1761",2,0.1,18,17,0.1,10,0.4,10,10
"1762",3,0.1,18,17,0.1,10,0.4,10,10
"1763",4,0.1,18,17,0.1,10,0.4,10,10
"1764",5,0.1,18,17,0.1,10,0.4,10,10
"1765",6,0.1,18,17,0.1,10,0.4,10,10
"1766",7,0.1,18,17,0.1,10,0.4,10,10
"1767",8,0.1,18,17,0.1,10,0.4,10,10
"1768",9,0.1,18,17,0.1,10,0.4,10,10
"1769",10,0.1,18,17,0.1,10,0.4,10,10
"1770",11,0.1,18,17,0.1,10,0.4,10,10
"1771",12,0.1,18,17,0.1,10,0.4,10,10
"1796",4,0.1,18,11,0.5,10,0.4,10,10
"1797",5,0.1,18,11,0.5,10,0.4,10,10
"1798",6,0.1,18,11,0.5,10,0.4,10,10
"1799",7,0.1,18,11,0.5,10,0.4,10,10
"1800",8,0.1,18,11,0.5,10,0.4,10,10
"1801",9,0.1,18,11,0.5,10,0.4,10,10
"1802",10,0.1,18,11,0.5,10,0.4,10,10
"1803",11,0.1,18,11,0.5,10,0.4,10,10
"1804",12,0.1,18,11,0.5,10,0.4,10,10
"1808",5,0.1,18,12,0.5,10,0.4,10,10
"1809",6,0.1,18,12,0.5,10,0.4,10,10
"1810",7,0.1,18,12,0.5,10,0.4,10,10
"1811",8,0.1,18,12,0.5,10,0.4,10,10
"1812",9,0.1,18,12,0.5,10,0.4,10,10
"1813",10,0.1,18,12,0.5,10,0.4,10,10
"1814",11,0.1,18,12,0.5,10,0.4,10,10
"1815",12,0.1,18,12,0.5,10,0.4,10,10
"1821",7,0.1,18,13,0.5,10,0.4,10,10
"1822",8,0.1,18,13,0.5,10,0.4,10,10
"1823",9,0.1,18,13,0.5,10,0.4,10,10
"1824",10,0.1,18,13,0.5,10,0.4,10,10
"1825",11,0.1,18,13,0.5,10,0.4,10,10
"1826",12,0.1,18,13,0.5,10,0.4,10,10
"1828",3,0.1,18,14,0.5,10,0.4,10,10
"1830",5,0.1,18,14,0.5,10,0.4,10,10
"1831",6,0.1,18,14,0.5,10,0.4,10,10
"1833",8,0.1,18,14,0.5,10,0.4,10,10
"1834",9,0.1,18,14,0.5,10,0.4,10,10
"1835",10,0.1,18,14,0.5,10,0.4,10,10
"1836",11,0.1,18,14,0.5,10,0.4,10,10
"1837",12,0.1,18,14,0.5,10,0.4,10,10
"1841",5,0.1,18,15,0.5,10,0.4,10,10
"1843",7,0.1,18,15,0.5,10,0.4,10,10
"1844",8,0.1,18,15,0.5,10,0.4,10,10
"1846",10,0.1,18,15,0.5,10,0.4,10,10
"1847",11,0.1,18,15,0.5,10,0.4,10,10
"1848",12,0.1,18,15,0.5,10,0.4,10,10
"1853",6,0.1,18,16,0.5,10,0.4,10,10
"1855",8,0.1,18,16,0.5,10,0.4,10,10
"1856",9,0.1,18,16,0.5,10,0.4,10,10
"1857",10,0.1,18,16,0.5,10,0.4,10,10
"1858",11,0.1,18,16,0.5,10,0.4,10,10
"1859",12,0.1,18,16,0.5,10,0.4,10,10
"1865",7,0.1,18,17,0.5,10,0.4,10,10
"1866",8,0.1,18,17,0.5,10,0.4,10,10
"1869",11,0.1,18,17,0.5,10,0.4,10,10
"1870",12,0.1,18,17,0.5,10,0.4,10,10
"1895",4,0.1,18,11,1,10,0.4,10,10
"1896",5,0.1,18,11,1,10,0.4,10,10
"1897",6,0.1,18,11,1,10,0.4,10,10
"1898",7,0.1,18,11,1,10,0.4,10,10
"1899",8,0.1,18,11,1,10,0.4,10,10
"1900",9,0.1,18,11,1,10,0.4,10,10
"1901",10,0.1,18,11,1,10,0.4,10,10
"1902",11,0.1,18,11,1,10,0.4,10,10
"1903",12,0.1,18,11,1,10,0.4,10,10
"1905",3,0.1,18,12,1,10,0.4,10,10
"1906",4,0.1,18,12,1,10,0.4,10,10
"1907",5,0.1,18,12,1,10,0.4,10,10
"1908",6,0.1,18,12,1,10,0.4,10,10
"1909",7,0.1,18,12,1,10,0.4,10,10
"1910",8,0.1,18,12,1,10,0.4,10,10
"1911",9,0.1,18,12,1,10,0.4,10,10
"1912",10,0.1,18,12,1,10,0.4,10,10
"1913",11,0.1,18,12,1,10,0.4,10,10
"1914",12,0.1,18,12,1,10,0.4,10,10
"1916",3,0.1,18,13,1,10,0.4,10,10
"1917",4,0.1,18,13,1,10,0.4,10,10
"1918",5,0.1,18,13,1,10,0.4,10,10
"1919",6,0.1,18,13,1,10,0.4,10,10
"1920",7,0.1,18,13,1,10,0.4,10,10
"1921",8,0.1,18,13,1,10,0.4,10,10
"1922",9,0.1,18,13,1,10,0.4,10,10
"1923",10,0.1,18,13,1,10,0.4,10,10
"1924",11,0.1,18,13,1,10,0.4,10,10
"1925",12,0.1,18,13,1,10,0.4,10,10
"1928",4,0.1,18,14,1,10,0.4,10,10
"1929",5,0.1,18,14,1,10,0.4,10,10
"1930",6,0.1,18,14,1,10,0.4,10,10
"1931",7,0.1,18,14,1,10,0.4,10,10
"1932",8,0.1,18,14,1,10,0.4,10,10
"1933",9,0.1,18,14,1,10,0.4,10,10
"1934",10,0.1,18,14,1,10,0.4,10,10
"1935",11,0.1,18,14,1,10,0.4,10,10
"1936",12,0.1,18,14,1,10,0.4,10,10
"1941",6,0.1,18,15,1,10,0.4,10,10
"1942",7,0.1,18,15,1,10,0.4,10,10
"1943",8,0.1,18,15,1,10,0.4,10,10
"1944",9,0.1,18,15,1,10,0.4,10,10
"1945",10,0.1,18,15,1,10,0.4,10,10
"1946",11,0.1,18,15,1,10,0.4,10,10
"1947",12,0.1,18,15,1,10,0.4,10,10
"1950",4,0.1,18,16,1,10,0.4,10,10
"1951",5,0.1,18,16,1,10,0.4,10,10
"1952",6,0.1,18,16,1,10,0.4,10,10
"1953",7,0.1,18,16,1,10,0.4,10,10
"1954",8,0.1,18,16,1,10,0.4,10,10
"1955",9,0.1,18,16,1,10,0.4,10,10
"1956",10,0.1,18,16,1,10,0.4,10,10
"1957",11,0.1,18,16,1,10,0.4,10,10
"1958",12,0.1,18,16,1,10,0.4,10,10
"1960",3,0.1,18,17,1,10,0.4,10,10
"1962",5,0.1,18,17,1,10,0.4,10,10
"1963",6,0.1,18,17,1,10,0.4,10,10
"1964",7,0.1,18,17,1,10,0.4,10,10
"1965",8,0.1,18,17,1,10,0.4,10,10
"1966",9,0.1,18,17,1,10,0.4,10,10
"1967",10,0.1,18,17,1,10,0.4,10,10
"1968",11,0.1,18,17,1,10,0.4,10,10
"1969",12,0.1,18,17,1,10,0.4,10,10
"1993",3,0.1,18,11,2,10,0.4,10,10
"1994",4,0.1,18,11,2,10,0.4,10,10
"1995",5,0.1,18,11,2,10,0.4,10,10
"1996",6,0.1,18,11,2,10,0.4,10,10
"1997",7,0.1,18,11,2,10,0.4,10,10
"1998",8,0.1,18,11,2,10,0.4,10,10
"1999",9,0.1,18,11,2,10,0.4,10,10
"2000",10,0.1,18,11,2,10,0.4,10,10
"2001",11,0.1,18,11,2,10,0.4,10,10
"2002",12,0.1,18,11,2,10,0.4,10,10
"2004",3,0.1,18,12,2,10,0.4,10,10
"2005",4,0.1,18,12,2,10,0.4,10,10
"2006",5,0.1,18,12,2,10,0.4,10,10
"2007",6,0.1,18,12,2,10,0.4,10,10
"2008",7,0.1,18,12,2,10,0.4,10,10
"2009",8,0.1,18,12,2,10,0.4,10,10
"2010",9,0.1,18,12,2,10,0.4,10,10
"2011",10,0.1,18,12,2,10,0.4,10,10
"2012",11,0.1,18,12,2,10,0.4,10,10
"2013",12,0.1,18,12,2,10,0.4,10,10
"2016",4,0.1,18,13,2,10,0.4,10,10
"2017",5,0.1,18,13,2,10,0.4,10,10
"2018",6,0.1,18,13,2,10,0.4,10,10
"2019",7,0.1,18,13,2,10,0.4,10,10
"2020",8,0.1,18,13,2,10,0.4,10,10
"2021",9,0.1,18,13,2,10,0.4,10,10
"2022",10,0.1,18,13,2,10,0.4,10,10
"2023",11,0.1,18,13,2,10,0.4,10,10
"2024",12,0.1,18,13,2,10,0.4,10,10
"2026",3,0.1,18,14,2,10,0.4,10,10
"2027",4,0.1,18,14,2,10,0.4,10,10
"2028",5,0.1,18,14,2,10,0.4,10,10
"2029",6,0.1,18,14,2,10,0.4,10,10
"2030",7,0.1,18,14,2,10,0.4,10,10
"2031",8,0.1,18,14,2,10,0.4,10,10
"2032",9,0.1,18,14,2,10,0.4,10,10
"2033",10,0.1,18,14,2,10,0.4,10,10
"2034",11,0.1,18,14,2,10,0.4,10,10
"2035",12,0.1,18,14,2,10,0.4,10,10
"2037",3,0.1,18,15,2,10,0.4,10,10
"2039",5,0.1,18,15,2,10,0.4,10,10
"2040",6,0.1,18,15,2,10,0.4,10,10
"2041",7,0.1,18,15,2,10,0.4,10,10
"2042",8,0.1,18,15,2,10,0.4,10,10
"2043",9,0.1,18,15,2,10,0.4,10,10
"2044",10,0.1,18,15,2,10,0.4,10,10
"2045",11,0.1,18,15,2,10,0.4,10,10
"2046",12,0.1,18,15,2,10,0.4,10,10
"2049",4,0.1,18,16,2,10,0.4,10,10
"2050",5,0.1,18,16,2,10,0.4,10,10
"2051",6,0.1,18,16,2,10,0.4,10,10
"2052",7,0.1,18,16,2,10,0.4,10,10
"2053",8,0.1,18,16,2,10,0.4,10,10
"2054",9,0.1,18,16,2,10,0.4,10,10
"2055",10,0.1,18,16,2,10,0.4,10,10
"2056",11,0.1,18,16,2,10,0.4,10,10
"2057",12,0.1,18,16,2,10,0.4,10,10
"2062",6,0.1,18,17,2,10,0.4,10,10
"2063",7,0.1,18,17,2,10,0.4,10,10
"2064",8,0.1,18,17,2,10,0.4,10,10
"2065",9,0.1,18,17,2,10,0.4,10,10
"2066",10,0.1,18,17,2,10,0.4,10,10
"2067",11,0.1,18,17,2,10,0.4,10,10
"2068",12,0.1,18,17,2,10,0.4,10,10
"2093",4,0.1,18,11,3,10,0.4,10,10
"2094",5,0.1,18,11,3,10,0.4,10,10
"2095",6,0.1,18,11,3,10,0.4,10,10
"2096",7,0.1,18,11,3,10,0.4,10,10
"2097",8,0.1,18,11,3,10,0.4,10,10
"2098",9,0.1,18,11,3,10,0.4,10,10
"2099",10,0.1,18,11,3,10,0.4,10,10
"2100",11,0.1,18,11,3,10,0.4,10,10
"2101",12,0.1,18,11,3,10,0.4,10,10
"2103",3,0.1,18,12,3,10,0.4,10,10
"2104",4,0.1,18,12,3,10,0.4,10,10
"2105",5,0.1,18,12,3,10,0.4,10,10
"2106",6,0.1,18,12,3,10,0.4,10,10
"2107",7,0.1,18,12,3,10,0.4,10,10
"2108",8,0.1,18,12,3,10,0.4,10,10
"2109",9,0.1,18,12,3,10,0.4,10,10
"2110",10,0.1,18,12,3,10,0.4,10,10
"2111",11,0.1,18,12,3,10,0.4,10,10
"2112",12,0.1,18,12,3,10,0.4,10,10
"2114",3,0.1,18,13,3,10,0.4,10,10
"2115",4,0.1,18,13,3,10,0.4,10,10
"2116",5,0.1,18,13,3,10,0.4,10,10
"2117",6,0.1,18,13,3,10,0.4,10,10
"2118",7,0.1,18,13,3,10,0.4,10,10
"2119",8,0.1,18,13,3,10,0.4,10,10
"2120",9,0.1,18,13,3,10,0.4,10,10
"2121",10,0.1,18,13,3,10,0.4,10,10
"2122",11,0.1,18,13,3,10,0.4,10,10
"2123",12,0.1,18,13,3,10,0.4,10,10
"2126",4,0.1,18,14,3,10,0.4,10,10
"2128",6,0.1,18,14,3,10,0.4,10,10
"2129",7,0.1,18,14,3,10,0.4,10,10
"2130",8,0.1,18,14,3,10,0.4,10,10
"2131",9,0.1,18,14,3,10,0.4,10,10
"2132",10,0.1,18,14,3,10,0.4,10,10
"2133",11,0.1,18,14,3,10,0.4,10,10
"2134",12,0.1,18,14,3,10,0.4,10,10
"2137",4,0.1,18,15,3,10,0.4,10,10
"2138",5,0.1,18,15,3,10,0.4,10,10
"2139",6,0.1,18,15,3,10,0.4,10,10
"2141",8,0.1,18,15,3,10,0.4,10,10
"2142",9,0.1,18,15,3,10,0.4,10,10
"2143",10,0.1,18,15,3,10,0.4,10,10
"2144",11,0.1,18,15,3,10,0.4,10,10
"2145",12,0.1,18,15,3,10,0.4,10,10
"2147",3,0.1,18,16,3,10,0.4,10,10
"2149",5,0.1,18,16,3,10,0.4,10,10
"2151",7,0.1,18,16,3,10,0.4,10,10
"2152",8,0.1,18,16,3,10,0.4,10,10
"2153",9,0.1,18,16,3,10,0.4,10,10
"2154",10,0.1,18,16,3,10,0.4,10,10
"2155",11,0.1,18,16,3,10,0.4,10,10
"2156",12,0.1,18,16,3,10,0.4,10,10
"2159",4,0.1,18,17,3,10,0.4,10,10
"2160",5,0.1,18,17,3,10,0.4,10,10
"2163",8,0.1,18,17,3,10,0.4,10,10
"2164",9,0.1,18,17,3,10,0.4,10,10
"2166",11,0.1,18,17,3,10,0.4,10,10
"2167",12,0.1,18,17,3,10,0.4,10,10
"2191",3,0.1,18,11,5,10,0.4,10,10
"2192",4,0.1,18,11,5,10,0.4,10,10
"2193",5,0.1,18,11,5,10,0.4,10,10
"2194",6,0.1,18,11,5,10,0.4,10,10
"2195",7,0.1,18,11,5,10,0.4,10,10
"2196",8,0.1,18,11,5,10,0.4,10,10
"2197",9,0.1,18,11,5,10,0.4,10,10
"2198",10,0.1,18,11,5,10,0.4,10,10
"2199",11,0.1,18,11,5,10,0.4,10,10
"2200",12,0.1,18,11,5,10,0.4,10,10
"2203",4,0.1,18,12,5,10,0.4,10,10
"2204",5,0.1,18,12,5,10,0.4,10,10
"2205",6,0.1,18,12,5,10,0.4,10,10
"2206",7,0.1,18,12,5,10,0.4,10,10
"2207",8,0.1,18,12,5,10,0.4,10,10
"2208",9,0.1,18,12,5,10,0.4,10,10
"2209",10,0.1,18,12,5,10,0.4,10,10
"2210",11,0.1,18,12,5,10,0.4,10,10
"2211",12,0.1,18,12,5,10,0.4,10,10
"2214",4,0.1,18,13,5,10,0.4,10,10
"2215",5,0.1,18,13,5,10,0.4,10,10
"2216",6,0.1,18,13,5,10,0.4,10,10
"2217",7,0.1,18,13,5,10,0.4,10,10
"2218",8,0.1,18,13,5,10,0.4,10,10
"2219",9,0.1,18,13,5,10,0.4,10,10
"2220",10,0.1,18,13,5,10,0.4,10,10
"2221",11,0.1,18,13,5,10,0.4,10,10
"2222",12,0.1,18,13,5,10,0.4,10,10
"2224",3,0.1,18,14,5,10,0.4,10,10
"2225",4,0.1,18,14,5,10,0.4,10,10
"2226",5,0.1,18,14,5,10,0.4,10,10
"2228",7,0.1,18,14,5,10,0.4,10,10
"2229",8,0.1,18,14,5,10,0.4,10,10
"2230",9,0.1,18,14,5,10,0.4,10,10
"2231",10,0.1,18,14,5,10,0.4,10,10
"2232",11,0.1,18,14,5,10,0.4,10,10
"2233",12,0.1,18,14,5,10,0.4,10,10
"2235",3,0.1,18,15,5,10,0.4,10,10
"2237",5,0.1,18,15,5,10,0.4,10,10
"2238",6,0.1,18,15,5,10,0.4,10,10
"2239",7,0.1,18,15,5,10,0.4,10,10
"2240",8,0.1,18,15,5,10,0.4,10,10
"2241",9,0.1,18,15,5,10,0.4,10,10
"2242",10,0.1,18,15,5,10,0.4,10,10
"2243",11,0.1,18,15,5,10,0.4,10,10
"2244",12,0.1,18,15,5,10,0.4,10,10
"2247",4,0.1,18,16,5,10,0.4,10,10
"2249",6,0.1,18,16,5,10,0.4,10,10
"2250",7,0.1,18,16,5,10,0.4,10,10
"2251",8,0.1,18,16,5,10,0.4,10,10
"2252",9,0.1,18,16,5,10,0.4,10,10
"2253",10,0.1,18,16,5,10,0.4,10,10
"2254",11,0.1,18,16,5,10,0.4,10,10
"2255",12,0.1,18,16,5,10,0.4,10,10
"2260",6,0.1,18,17,5,10,0.4,10,10
"2261",7,0.1,18,17,5,10,0.4,10,10
"2264",10,0.1,18,17,5,10,0.4,10,10
"2265",11,0.1,18,17,5,10,0.4,10,10
"2266",12,0.1,18,17,5,10,0.4,10,10
"2290",3,0.1,18,11,10,10,0.4,10,10
"2291",4,0.1,18,11,10,10,0.4,10,10
"2292",5,0.1,18,11,10,10,0.4,10,10
"2293",6,0.1,18,11,10,10,0.4,10,10
"2294",7,0.1,18,11,10,10,0.4,10,10
"2295",8,0.1,18,11,10,10,0.4,10,10
"2296",9,0.1,18,11,10,10,0.4,10,10
"2297",10,0.1,18,11,10,10,0.4,10,10
"2298",11,0.1,18,11,10,10,0.4,10,10
"2299",12,0.1,18,11,10,10,0.4,10,10
"2301",3,0.1,18,12,10,10,0.4,10,10
"2302",4,0.1,18,12,10,10,0.4,10,10
"2303",5,0.1,18,12,10,10,0.4,10,10
"2304",6,0.1,18,12,10,10,0.4,10,10
"2305",7,0.1,18,12,10,10,0.4,10,10
"2306",8,0.1,18,12,10,10,0.4,10,10
"2307",9,0.1,18,12,10,10,0.4,10,10
"2308",10,0.1,18,12,10,10,0.4,10,10
"2309",11,0.1,18,12,10,10,0.4,10,10
"2310",12,0.1,18,12,10,10,0.4,10,10
"2312",3,0.1,18,13,10,10,0.4,10,10
"2313",4,0.1,18,13,10,10,0.4,10,10
"2314",5,0.1,18,13,10,10,0.4,10,10
"2315",6,0.1,18,13,10,10,0.4,10,10
"2316",7,0.1,18,13,10,10,0.4,10,10
"2317",8,0.1,18,13,10,10,0.4,10,10
"2318",9,0.1,18,13,10,10,0.4,10,10
"2319",10,0.1,18,13,10,10,0.4,10,10
"2320",11,0.1,18,13,10,10,0.4,10,10
"2321",12,0.1,18,13,10,10,0.4,10,10
"2324",4,0.1,18,14,10,10,0.4,10,10
"2325",5,0.1,18,14,10,10,0.4,10,10
"2326",6,0.1,18,14,10,10,0.4,10,10
"2327",7,0.1,18,14,10,10,0.4,10,10
"2328",8,0.1,18,14,10,10,0.4,10,10
"2329",9,0.1,18,14,10,10,0.4,10,10
"2330",10,0.1,18,14,10,10,0.4,10,10
"2331",11,0.1,18,14,10,10,0.4,10,10
"2332",12,0.1,18,14,10,10,0.4,10,10
"2335",4,0.1,18,15,10,10,0.4,10,10
"2336",5,0.1,18,15,10,10,0.4,10,10
"2337",6,0.1,18,15,10,10,0.4,10,10
"2338",7,0.1,18,15,10,10,0.4,10,10
"2339",8,0.1,18,15,10,10,0.4,10,10
"2340",9,0.1,18,15,10,10,0.4,10,10
"2341",10,0.1,18,15,10,10,0.4,10,10
"2342",11,0.1,18,15,10,10,0.4,10,10
"2343",12,0.1,18,15,10,10,0.4,10,10
"2347",5,0.1,18,16,10,10,0.4,10,10
"2348",6,0.1,18,16,10,10,0.4,10,10
"2349",7,0.1,18,16,10,10,0.4,10,10
"2351",9,0.1,18,16,10,10,0.4,10,10
"2352",10,0.1,18,16,10,10,0.4,10,10
"2353",11,0.1,18,16,10,10,0.4,10,10
"2354",12,0.1,18,16,10,10,0.4,10,10
"2361",8,0.1,18,17,10,10,0.4,10,10
"2362",9,0.1,18,17,10,10,0.4,10,10
"2363",10,0.1,18,17,10,10,0.4,10,10
"2364",11,0.1,18,17,10,10,0.4,10,10
"2365",12,0.1,18,17,10,10,0.4,10,10
"2377",2,0.1,18,10,0,11,0.4,10,10
"2378",3,0.1,18,10,0,11,0.4,10,10
"2379",4,0.1,18,10,0,11,0.4,10,10
"2380",5,0.1,18,10,0,11,0.4,10,10
"2381",6,0.1,18,10,0,11,0.4,10,10
"2382",7,0.1,18,10,0,11,0.4,10,10
"2383",8,0.1,18,10,0,11,0.4,10,10
"2384",9,0.1,18,10,0,11,0.4,10,10
"2385",10,0.1,18,10,0,11,0.4,10,10
"2386",11,0.1,18,10,0,11,0.4,10,10
"2387",12,0.1,18,10,0,11,0.4,10,10
"2498",2,0.1,18,12,0.1,11,0.4,10,10
"2499",3,0.1,18,12,0.1,11,0.4,10,10
"2500",4,0.1,18,12,0.1,11,0.4,10,10
"2501",5,0.1,18,12,0.1,11,0.4,10,10
"2502",6,0.1,18,12,0.1,11,0.4,10,10
"2503",7,0.1,18,12,0.1,11,0.4,10,10
"2504",8,0.1,18,12,0.1,11,0.4,10,10
"2505",9,0.1,18,12,0.1,11,0.4,10,10
"2506",10,0.1,18,12,0.1,11,0.4,10,10
"2507",11,0.1,18,12,0.1,11,0.4,10,10
"2508",12,0.1,18,12,0.1,11,0.4,10,10
"2509",2,0.1,18,13,0.1,11,0.4,10,10
"2510",3,0.1,18,13,0.1,11,0.4,10,10
"2511",4,0.1,18,13,0.1,11,0.4,10,10
"2512",5,0.1,18,13,0.1,11,0.4,10,10
"2513",6,0.1,18,13,0.1,11,0.4,10,10
"2514",7,0.1,18,13,0.1,11,0.4,10,10
"2515",8,0.1,18,13,0.1,11,0.4,10,10
"2516",9,0.1,18,13,0.1,11,0.4,10,10
"2517",10,0.1,18,13,0.1,11,0.4,10,10
"2518",11,0.1,18,13,0.1,11,0.4,10,10
"2519",12,0.1,18,13,0.1,11,0.4,10,10
"2520",2,0.1,18,14,0.1,11,0.4,10,10
"2521",3,0.1,18,14,0.1,11,0.4,10,10
"2522",4,0.1,18,14,0.1,11,0.4,10,10
"2523",5,0.1,18,14,0.1,11,0.4,10,10
"2524",6,0.1,18,14,0.1,11,0.4,10,10
"2525",7,0.1,18,14,0.1,11,0.4,10,10
"2526",8,0.1,18,14,0.1,11,0.4,10,10
"2527",9,0.1,18,14,0.1,11,0.4,10,10
"2528",10,0.1,18,14,0.1,11,0.4,10,10
"2529",11,0.1,18,14,0.1,11,0.4,10,10
"2530",12,0.1,18,14,0.1,11,0.4,10,10
"2531",2,0.1,18,15,0.1,11,0.4,10,10
"2532",3,0.1,18,15,0.1,11,0.4,10,10
"2533",4,0.1,18,15,0.1,11,0.4,10,10
"2534",5,0.1,18,15,0.1,11,0.4,10,10
"2535",6,0.1,18,15,0.1,11,0.4,10,10
"2536",7,0.1,18,15,0.1,11,0.4,10,10
"2537",8,0.1,18,15,0.1,11,0.4,10,10
"2538",9,0.1,18,15,0.1,11,0.4,10,10
"2539",10,0.1,18,15,0.1,11,0.4,10,10
"2540",11,0.1,18,15,0.1,11,0.4,10,10
"2541",12,0.1,18,15,0.1,11,0.4,10,10
"2542",2,0.1,18,16,0.1,11,0.4,10,10
"2543",3,0.1,18,16,0.1,11,0.4,10,10
"2544",4,0.1,18,16,0.1,11,0.4,10,10
"2545",5,0.1,18,16,0.1,11,0.4,10,10
"2546",6,0.1,18,16,0.1,11,0.4,10,10
"2547",7,0.1,18,16,0.1,11,0.4,10,10
"2548",8,0.1,18,16,0.1,11,0.4,10,10
"2549",9,0.1,18,16,0.1,11,0.4,10,10
"2550",10,0.1,18,16,0.1,11,0.4,10,10
"2551",11,0.1,18,16,0.1,11,0.4,10,10
"2552",12,0.1,18,16,0.1,11,0.4,10,10
"2553",2,0.1,18,17,0.1,11,0.4,10,10
"2554",3,0.1,18,17,0.1,11,0.4,10,10
"2555",4,0.1,18,17,0.1,11,0.4,10,10
"2556",5,0.1,18,17,0.1,11,0.4,10,10
"2557",6,0.1,18,17,0.1,11,0.4,10,10
"2558",7,0.1,18,17,0.1,11,0.4,10,10
"2559",8,0.1,18,17,0.1,11,0.4,10,10
"2560",9,0.1,18,17,0.1,11,0.4,10,10
"2561",10,0.1,18,17,0.1,11,0.4,10,10
"2562",11,0.1,18,17,0.1,11,0.4,10,10
"2563",12,0.1,18,17,0.1,11,0.4,10,10
"2600",5,0.1,18,12,0.5,11,0.4,10,10
"2601",6,0.1,18,12,0.5,11,0.4,10,10
"2602",7,0.1,18,12,0.5,11,0.4,10,10
"2603",8,0.1,18,12,0.5,11,0.4,10,10
"2604",9,0.1,18,12,0.5,11,0.4,10,10
"2605",10,0.1,18,12,0.5,11,0.4,10,10
"2606",11,0.1,18,12,0.5,11,0.4,10,10
"2607",12,0.1,18,12,0.5,11,0.4,10,10
"2613",7,0.1,18,13,0.5,11,0.4,10,10
"2614",8,0.1,18,13,0.5,11,0.4,10,10
"2615",9,0.1,18,13,0.5,11,0.4,10,10
"2616",10,0.1,18,13,0.5,11,0.4,10,10
"2617",11,0.1,18,13,0.5,11,0.4,10,10
"2618",12,0.1,18,13,0.5,11,0.4,10,10
"2620",3,0.1,18,14,0.5,11,0.4,10,10
"2622",5,0.1,18,14,0.5,11,0.4,10,10
"2623",6,0.1,18,14,0.5,11,0.4,10,10
"2625",8,0.1,18,14,0.5,11,0.4,10,10
"2626",9,0.1,18,14,0.5,11,0.4,10,10
"2627",10,0.1,18,14,0.5,11,0.4,10,10
"2628",11,0.1,18,14,0.5,11,0.4,10,10
"2629",12,0.1,18,14,0.5,11,0.4,10,10
"2633",5,0.1,18,15,0.5,11,0.4,10,10
"2635",7,0.1,18,15,0.5,11,0.4,10,10
"2636",8,0.1,18,15,0.5,11,0.4,10,10
"2638",10,0.1,18,15,0.5,11,0.4,10,10
"2639",11,0.1,18,15,0.5,11,0.4,10,10
"2640",12,0.1,18,15,0.5,11,0.4,10,10
"2645",6,0.1,18,16,0.5,11,0.4,10,10
"2647",8,0.1,18,16,0.5,11,0.4,10,10
"2648",9,0.1,18,16,0.5,11,0.4,10,10
"2649",10,0.1,18,16,0.5,11,0.4,10,10
"2650",11,0.1,18,16,0.5,11,0.4,10,10
"2651",12,0.1,18,16,0.5,11,0.4,10,10
"2657",7,0.1,18,17,0.5,11,0.4,10,10
"2658",8,0.1,18,17,0.5,11,0.4,10,10
"2661",11,0.1,18,17,0.5,11,0.4,10,10
"2662",12,0.1,18,17,0.5,11,0.4,10,10
"2697",3,0.1,18,12,1,11,0.4,10,10
"2698",4,0.1,18,12,1,11,0.4,10,10
"2699",5,0.1,18,12,1,11,0.4,10,10
"2700",6,0.1,18,12,1,11,0.4,10,10
"2701",7,0.1,18,12,1,11,0.4,10,10
"2702",8,0.1,18,12,1,11,0.4,10,10
"2703",9,0.1,18,12,1,11,0.4,10,10
"2704",10,0.1,18,12,1,11,0.4,10,10
"2705",11,0.1,18,12,1,11,0.4,10,10
"2706",12,0.1,18,12,1,11,0.4,10,10
"2708",3,0.1,18,13,1,11,0.4,10,10
"2709",4,0.1,18,13,1,11,0.4,10,10
"2710",5,0.1,18,13,1,11,0.4,10,10
"2711",6,0.1,18,13,1,11,0.4,10,10
"2712",7,0.1,18,13,1,11,0.4,10,10
"2713",8,0.1,18,13,1,11,0.4,10,10
"2714",9,0.1,18,13,1,11,0.4,10,10
"2715",10,0.1,18,13,1,11,0.4,10,10
"2716",11,0.1,18,13,1,11,0.4,10,10
"2717",12,0.1,18,13,1,11,0.4,10,10
"2720",4,0.1,18,14,1,11,0.4,10,10
"2721",5,0.1,18,14,1,11,0.4,10,10
"2722",6,0.1,18,14,1,11,0.4,10,10
"2723",7,0.1,18,14,1,11,0.4,10,10
"2724",8,0.1,18,14,1,11,0.4,10,10
"2725",9,0.1,18,14,1,11,0.4,10,10
"2726",10,0.1,18,14,1,11,0.4,10,10
"2727",11,0.1,18,14,1,11,0.4,10,10
"2728",12,0.1,18,14,1,11,0.4,10,10
"2733",6,0.1,18,15,1,11,0.4,10,10
"2734",7,0.1,18,15,1,11,0.4,10,10
"2735",8,0.1,18,15,1,11,0.4,10,10
"2736",9,0.1,18,15,1,11,0.4,10,10
"2737",10,0.1,18,15,1,11,0.4,10,10
"2738",11,0.1,18,15,1,11,0.4,10,10
"2739",12,0.1,18,15,1,11,0.4,10,10
"2742",4,0.1,18,16,1,11,0.4,10,10
"2743",5,0.1,18,16,1,11,0.4,10,10
"2744",6,0.1,18,16,1,11,0.4,10,10
"2745",7,0.1,18,16,1,11,0.4,10,10
"2746",8,0.1,18,16,1,11,0.4,10,10
"2747",9,0.1,18,16,1,11,0.4,10,10
"2748",10,0.1,18,16,1,11,0.4,10,10
"2749",11,0.1,18,16,1,11,0.4,10,10
"2750",12,0.1,18,16,1,11,0.4,10,10
"2752",3,0.1,18,17,1,11,0.4,10,10
"2754",5,0.1,18,17,1,11,0.4,10,10
"2755",6,0.1,18,17,1,11,0.4,10,10
"2756",7,0.1,18,17,1,11,0.4,10,10
"2757",8,0.1,18,17,1,11,0.4,10,10
"2758",9,0.1,18,17,1,11,0.4,10,10
"2759",10,0.1,18,17,1,11,0.4,10,10
"2760",11,0.1,18,17,1,11,0.4,10,10
"2761",12,0.1,18,17,1,11,0.4,10,10
"2796",3,0.1,18,12,2,11,0.4,10,10
"2797",4,0.1,18,12,2,11,0.4,10,10
"2798",5,0.1,18,12,2,11,0.4,10,10
"2799",6,0.1,18,12,2,11,0.4,10,10
"2800",7,0.1,18,12,2,11,0.4,10,10
"2801",8,0.1,18,12,2,11,0.4,10,10
"2802",9,0.1,18,12,2,11,0.4,10,10
"2803",10,0.1,18,12,2,11,0.4,10,10
"2804",11,0.1,18,12,2,11,0.4,10,10
"2805",12,0.1,18,12,2,11,0.4,10,10
"2808",4,0.1,18,13,2,11,0.4,10,10
"2809",5,0.1,18,13,2,11,0.4,10,10
"2810",6,0.1,18,13,2,11,0.4,10,10
"2811",7,0.1,18,13,2,11,0.4,10,10
"2812",8,0.1,18,13,2,11,0.4,10,10
"2813",9,0.1,18,13,2,11,0.4,10,10
"2814",10,0.1,18,13,2,11,0.4,10,10
"2815",11,0.1,18,13,2,11,0.4,10,10
"2816",12,0.1,18,13,2,11,0.4,10,10
"2818",3,0.1,18,14,2,11,0.4,10,10
"2819",4,0.1,18,14,2,11,0.4,10,10
"2820",5,0.1,18,14,2,11,0.4,10,10
"2821",6,0.1,18,14,2,11,0.4,10,10
"2822",7,0.1,18,14,2,11,0.4,10,10
"2823",8,0.1,18,14,2,11,0.4,10,10
"2824",9,0.1,18,14,2,11,0.4,10,10
"2825",10,0.1,18,14,2,11,0.4,10,10
"2826",11,0.1,18,14,2,11,0.4,10,10
"2827",12,0.1,18,14,2,11,0.4,10,10
"2829",3,0.1,18,15,2,11,0.4,10,10
"2831",5,0.1,18,15,2,11,0.4,10,10
"2832",6,0.1,18,15,2,11,0.4,10,10
"2833",7,0.1,18,15,2,11,0.4,10,10
"2834",8,0.1,18,15,2,11,0.4,10,10
"2835",9,0.1,18,15,2,11,0.4,10,10
"2836",10,0.1,18,15,2,11,0.4,10,10
"2837",11,0.1,18,15,2,11,0.4,10,10
"2838",12,0.1,18,15,2,11,0.4,10,10
"2841",4,0.1,18,16,2,11,0.4,10,10
"2842",5,0.1,18,16,2,11,0.4,10,10
"2843",6,0.1,18,16,2,11,0.4,10,10
"2844",7,0.1,18,16,2,11,0.4,10,10
"2845",8,0.1,18,16,2,11,0.4,10,10
"2846",9,0.1,18,16,2,11,0.4,10,10
"2847",10,0.1,18,16,2,11,0.4,10,10
"2848",11,0.1,18,16,2,11,0.4,10,10
"2849",12,0.1,18,16,2,11,0.4,10,10
"2854",6,0.1,18,17,2,11,0.4,10,10
"2855",7,0.1,18,17,2,11,0.4,10,10
"2856",8,0.1,18,17,2,11,0.4,10,10
"2857",9,0.1,18,17,2,11,0.4,10,10
"2858",10,0.1,18,17,2,11,0.4,10,10
"2859",11,0.1,18,17,2,11,0.4,10,10
"2860",12,0.1,18,17,2,11,0.4,10,10
"2895",3,0.1,18,12,3,11,0.4,10,10
"2896",4,0.1,18,12,3,11,0.4,10,10
"2897",5,0.1,18,12,3,11,0.4,10,10
"2898",6,0.1,18,12,3,11,0.4,10,10
"2899",7,0.1,18,12,3,11,0.4,10,10
"2900",8,0.1,18,12,3,11,0.4,10,10
"2901",9,0.1,18,12,3,11,0.4,10,10
"2902",10,0.1,18,12,3,11,0.4,10,10
"2903",11,0.1,18,12,3,11,0.4,10,10
"2904",12,0.1,18,12,3,11,0.4,10,10
"2906",3,0.1,18,13,3,11,0.4,10,10
"2907",4,0.1,18,13,3,11,0.4,10,10
"2908",5,0.1,18,13,3,11,0.4,10,10
"2909",6,0.1,18,13,3,11,0.4,10,10
"2910",7,0.1,18,13,3,11,0.4,10,10
"2911",8,0.1,18,13,3,11,0.4,10,10
"2912",9,0.1,18,13,3,11,0.4,10,10
"2913",10,0.1,18,13,3,11,0.4,10,10
"2914",11,0.1,18,13,3,11,0.4,10,10
"2915",12,0.1,18,13,3,11,0.4,10,10
"2918",4,0.1,18,14,3,11,0.4,10,10
"2920",6,0.1,18,14,3,11,0.4,10,10
"2921",7,0.1,18,14,3,11,0.4,10,10
"2922",8,0.1,18,14,3,11,0.4,10,10
"2923",9,0.1,18,14,3,11,0.4,10,10
"2924",10,0.1,18,14,3,11,0.4,10,10
"2925",11,0.1,18,14,3,11,0.4,10,10
"2926",12,0.1,18,14,3,11,0.4,10,10
"2929",4,0.1,18,15,3,11,0.4,10,10
"2930",5,0.1,18,15,3,11,0.4,10,10
"2931",6,0.1,18,15,3,11,0.4,10,10
"2933",8,0.1,18,15,3,11,0.4,10,10
"2934",9,0.1,18,15,3,11,0.4,10,10
"2935",10,0.1,18,15,3,11,0.4,10,10
"2936",11,0.1,18,15,3,11,0.4,10,10
"2937",12,0.1,18,15,3,11,0.4,10,10
"2939",3,0.1,18,16,3,11,0.4,10,10
"2941",5,0.1,18,16,3,11,0.4,10,10
"2943",7,0.1,18,16,3,11,0.4,10,10
"2944",8,0.1,18,16,3,11,0.4,10,10
"2945",9,0.1,18,16,3,11,0.4,10,10
"2946",10,0.1,18,16,3,11,0.4,10,10
"2947",11,0.1,18,16,3,11,0.4,10,10
"2948",12,0.1,18,16,3,11,0.4,10,10
"2951",4,0.1,18,17,3,11,0.4,10,10
"2952",5,0.1,18,17,3,11,0.4,10,10
"2955",8,0.1,18,17,3,11,0.4,10,10
"2956",9,0.1,18,17,3,11,0.4,10,10
"2958",11,0.1,18,17,3,11,0.4,10,10
"2959",12,0.1,18,17,3,11,0.4,10,10
"2995",4,0.1,18,12,5,11,0.4,10,10
"2996",5,0.1,18,12,5,11,0.4,10,10
"2997",6,0.1,18,12,5,11,0.4,10,10
"2998",7,0.1,18,12,5,11,0.4,10,10
"2999",8,0.1,18,12,5,11,0.4,10,10
"3000",9,0.1,18,12,5,11,0.4,10,10
"3001",10,0.1,18,12,5,11,0.4,10,10
"3002",11,0.1,18,12,5,11,0.4,10,10
"3003",12,0.1,18,12,5,11,0.4,10,10
"3006",4,0.1,18,13,5,11,0.4,10,10
"3007",5,0.1,18,13,5,11,0.4,10,10
"3008",6,0.1,18,13,5,11,0.4,10,10
"3009",7,0.1,18,13,5,11,0.4,10,10
"3010",8,0.1,18,13,5,11,0.4,10,10
"3011",9,0.1,18,13,5,11,0.4,10,10
"3012",10,0.1,18,13,5,11,0.4,10,10
"3013",11,0.1,18,13,5,11,0.4,10,10
"3014",12,0.1,18,13,5,11,0.4,10,10
"3016",3,0.1,18,14,5,11,0.4,10,10
"3017",4,0.1,18,14,5,11,0.4,10,10
"3018",5,0.1,18,14,5,11,0.4,10,10
"3020",7,0.1,18,14,5,11,0.4,10,10
"3021",8,0.1,18,14,5,11,0.4,10,10
"3022",9,0.1,18,14,5,11,0.4,10,10
"3023",10,0.1,18,14,5,11,0.4,10,10
"3024",11,0.1,18,14,5,11,0.4,10,10
"3025",12,0.1,18,14,5,11,0.4,10,10
"3027",3,0.1,18,15,5,11,0.4,10,10
"3029",5,0.1,18,15,5,11,0.4,10,10
"3030",6,0.1,18,15,5,11,0.4,10,10
"3031",7,0.1,18,15,5,11,0.4,10,10
"3032",8,0.1,18,15,5,11,0.4,10,10
"3033",9,0.1,18,15,5,11,0.4,10,10
"3034",10,0.1,18,15,5,11,0.4,10,10
"3035",11,0.1,18,15,5,11,0.4,10,10
"3036",12,0.1,18,15,5,11,0.4,10,10
"3039",4,0.1,18,16,5,11,0.4,10,10
"3041",6,0.1,18,16,5,11,0.4,10,10
"3042",7,0.1,18,16,5,11,0.4,10,10
"3043",8,0.1,18,16,5,11,0.4,10,10
"3044",9,0.1,18,16,5,11,0.4,10,10
"3045",10,0.1,18,16,5,11,0.4,10,10
"3046",11,0.1,18,16,5,11,0.4,10,10
"3047",12,0.1,18,16,5,11,0.4,10,10
"3052",6,0.1,18,17,5,11,0.4,10,10
"3053",7,0.1,18,17,5,11,0.4,10,10
"3056",10,0.1,18,17,5,11,0.4,10,10
"3057",11,0.1,18,17,5,11,0.4,10,10
"3058",12,0.1,18,17,5,11,0.4,10,10
"3093",3,0.1,18,12,10,11,0.4,10,10
"3094",4,0.1,18,12,10,11,0.4,10,10
"3095",5,0.1,18,12,10,11,0.4,10,10
"3096",6,0.1,18,12,10,11,0.4,10,10
"3097",7,0.1,18,12,10,11,0.4,10,10
"3098",8,0.1,18,12,10,11,0.4,10,10
"3099",9,0.1,18,12,10,11,0.4,10,10
"3100",10,0.1,18,12,10,11,0.4,10,10
"3101",11,0.1,18,12,10,11,0.4,10,10
"3102",12,0.1,18,12,10,11,0.4,10,10
"3104",3,0.1,18,13,10,11,0.4,10,10
"3105",4,0.1,18,13,10,11,0.4,10,10
"3106",5,0.1,18,13,10,11,0.4,10,10
"3107",6,0.1,18,13,10,11,0.4,10,10
"3108",7,0.1,18,13,10,11,0.4,10,10
"3109",8,0.1,18,13,10,11,0.4,10,10
"3110",9,0.1,18,13,10,11,0.4,10,10
"3111",10,0.1,18,13,10,11,0.4,10,10
"3112",11,0.1,18,13,10,11,0.4,10,10
"3113",12,0.1,18,13,10,11,0.4,10,10
"3116",4,0.1,18,14,10,11,0.4,10,10
"3117",5,0.1,18,14,10,11,0.4,10,10
"3118",6,0.1,18,14,10,11,0.4,10,10
"3119",7,0.1,18,14,10,11,0.4,10,10
"3120",8,0.1,18,14,10,11,0.4,10,10
"3121",9,0.1,18,14,10,11,0.4,10,10
"3122",10,0.1,18,14,10,11,0.4,10,10
"3123",11,0.1,18,14,10,11,0.4,10,10
"3124",12,0.1,18,14,10,11,0.4,10,10
"3127",4,0.1,18,15,10,11,0.4,10,10
"3128",5,0.1,18,15,10,11,0.4,10,10
"3129",6,0.1,18,15,10,11,0.4,10,10
"3130",7,0.1,18,15,10,11,0.4,10,10
"3131",8,0.1,18,15,10,11,0.4,10,10
"3132",9,0.1,18,15,10,11,0.4,10,10
"3133",10,0.1,18,15,10,11,0.4,10,10
"3134",11,0.1,18,15,10,11,0.4,10,10
"3135",12,0.1,18,15,10,11,0.4,10,10
"3139",5,0.1,18,16,10,11,0.4,10,10
"3140",6,0.1,18,16,10,11,0.4,10,10
"3141",7,0.1,18,16,10,11,0.4,10,10
"3143",9,0.1,18,16,10,11,0.4,10,10
"3144",10,0.1,18,16,10,11,0.4,10,10
"3145",11,0.1,18,16,10,11,0.4,10,10
"3146",12,0.1,18,16,10,11,0.4,10,10
"3153",8,0.1,18,17,10,11,0.4,10,10
"3154",9,0.1,18,17,10,11,0.4,10,10
"3155",10,0.1,18,17,10,11,0.4,10,10
"3156",11,0.1,18,17,10,11,0.4,10,10
"3157",12,0.1,18,17,10,11,0.4,10,10
"3169",2,0.1,18,10,0,12,0.4,10,10
"3170",3,0.1,18,10,0,12,0.4,10,10
"3171",4,0.1,18,10,0,12,0.4,10,10
"3172",5,0.1,18,10,0,12,0.4,10,10
"3173",6,0.1,18,10,0,12,0.4,10,10
"3174",7,0.1,18,10,0,12,0.4,10,10
"3175",8,0.1,18,10,0,12,0.4,10,10
"3176",9,0.1,18,10,0,12,0.4,10,10
"3177",10,0.1,18,10,0,12,0.4,10,10
"3178",11,0.1,18,10,0,12,0.4,10,10
"3179",12,0.1,18,10,0,12,0.4,10,10
"3301",2,0.1,18,13,0.1,12,0.4,10,10
"3302",3,0.1,18,13,0.1,12,0.4,10,10
"3303",4,0.1,18,13,0.1,12,0.4,10,10
"3304",5,0.1,18,13,0.1,12,0.4,10,10
"3305",6,0.1,18,13,0.1,12,0.4,10,10
"3306",7,0.1,18,13,0.1,12,0.4,10,10
"3307",8,0.1,18,13,0.1,12,0.4,10,10
"3308",9,0.1,18,13,0.1,12,0.4,10,10
"3309",10,0.1,18,13,0.1,12,0.4,10,10
"3310",11,0.1,18,13,0.1,12,0.4,10,10
"3311",12,0.1,18,13,0.1,12,0.4,10,10
"3312",2,0.1,18,14,0.1,12,0.4,10,10
"3313",3,0.1,18,14,0.1,12,0.4,10,10
"3314",4,0.1,18,14,0.1,12,0.4,10,10
"3315",5,0.1,18,14,0.1,12,0.4,10,10
"3316",6,0.1,18,14,0.1,12,0.4,10,10
"3317",7,0.1,18,14,0.1,12,0.4,10,10
"3318",8,0.1,18,14,0.1,12,0.4,10,10
"3319",9,0.1,18,14,0.1,12,0.4,10,10
"3320",10,0.1,18,14,0.1,12,0.4,10,10
"3321",11,0.1,18,14,0.1,12,0.4,10,10
"3322",12,0.1,18,14,0.1,12,0.4,10,10
"3323",2,0.1,18,15,0.1,12,0.4,10,10
"3324",3,0.1,18,15,0.1,12,0.4,10,10
"3325",4,0.1,18,15,0.1,12,0.4,10,10
"3326",5,0.1,18,15,0.1,12,0.4,10,10
"3327",6,0.1,18,15,0.1,12,0.4,10,10
"3328",7,0.1,18,15,0.1,12,0.4,10,10
"3329",8,0.1,18,15,0.1,12,0.4,10,10
"3330",9,0.1,18,15,0.1,12,0.4,10,10
"3331",10,0.1,18,15,0.1,12,0.4,10,10
"3332",11,0.1,18,15,0.1,12,0.4,10,10
"3333",12,0.1,18,15,0.1,12,0.4,10,10
"3334",2,0.1,18,16,0.1,12,0.4,10,10
"3335",3,0.1,18,16,0.1,12,0.4,10,10
"3336",4,0.1,18,16,0.1,12,0.4,10,10
"3337",5,0.1,18,16,0.1,12,0.4,10,10
"3338",6,0.1,18,16,0.1,12,0.4,10,10
"3339",7,0.1,18,16,0.1,12,0.4,10,10
"3340",8,0.1,18,16,0.1,12,0.4,10,10
"3341",9,0.1,18,16,0.1,12,0.4,10,10
"3342",10,0.1,18,16,0.1,12,0.4,10,10
"3343",11,0.1,18,16,0.1,12,0.4,10,10
"3344",12,0.1,18,16,0.1,12,0.4,10,10
"3345",2,0.1,18,17,0.1,12,0.4,10,10
"3346",3,0.1,18,17,0.1,12,0.4,10,10
"3347",4,0.1,18,17,0.1,12,0.4,10,10
"3348",5,0.1,18,17,0.1,12,0.4,10,10
"3349",6,0.1,18,17,0.1,12,0.4,10,10
"3350",7,0.1,18,17,0.1,12,0.4,10,10
"3351",8,0.1,18,17,0.1,12,0.4,10,10
"3352",9,0.1,18,17,0.1,12,0.4,10,10
"3353",10,0.1,18,17,0.1,12,0.4,10,10
"3354",11,0.1,18,17,0.1,12,0.4,10,10
"3355",12,0.1,18,17,0.1,12,0.4,10,10
"3405",7,0.1,18,13,0.5,12,0.4,10,10
"3406",8,0.1,18,13,0.5,12,0.4,10,10
"3407",9,0.1,18,13,0.5,12,0.4,10,10
"3408",10,0.1,18,13,0.5,12,0.4,10,10
"3409",11,0.1,18,13,0.5,12,0.4,10,10
"3410",12,0.1,18,13,0.5,12,0.4,10,10
"3412",3,0.1,18,14,0.5,12,0.4,10,10
"3414",5,0.1,18,14,0.5,12,0.4,10,10
"3415",6,0.1,18,14,0.5,12,0.4,10,10
"3417",8,0.1,18,14,0.5,12,0.4,10,10
"3418",9,0.1,18,14,0.5,12,0.4,10,10
"3419",10,0.1,18,14,0.5,12,0.4,10,10
"3420",11,0.1,18,14,0.5,12,0.4,10,10
"3421",12,0.1,18,14,0.5,12,0.4,10,10
"3425",5,0.1,18,15,0.5,12,0.4,10,10
"3427",7,0.1,18,15,0.5,12,0.4,10,10
"3428",8,0.1,18,15,0.5,12,0.4,10,10
"3430",10,0.1,18,15,0.5,12,0.4,10,10
"3431",11,0.1,18,15,0.5,12,0.4,10,10
"3432",12,0.1,18,15,0.5,12,0.4,10,10
"3437",6,0.1,18,16,0.5,12,0.4,10,10
"3439",8,0.1,18,16,0.5,12,0.4,10,10
"3440",9,0.1,18,16,0.5,12,0.4,10,10
"3441",10,0.1,18,16,0.5,12,0.4,10,10
"3442",11,0.1,18,16,0.5,12,0.4,10,10
"3443",12,0.1,18,16,0.5,12,0.4,10,10
"3449",7,0.1,18,17,0.5,12,0.4,10,10
"3450",8,0.1,18,17,0.5,12,0.4,10,10
"3453",11,0.1,18,17,0.5,12,0.4,10,10
"3454",12,0.1,18,17,0.5,12,0.4,10,10
"3500",3,0.1,18,13,1,12,0.4,10,10
"3501",4,0.1,18,13,1,12,0.4,10,10
"3502",5,0.1,18,13,1,12,0.4,10,10
"3503",6,0.1,18,13,1,12,0.4,10,10
"3504",7,0.1,18,13,1,12,0.4,10,10
"3505",8,0.1,18,13,1,12,0.4,10,10
"3506",9,0.1,18,13,1,12,0.4,10,10
"3507",10,0.1,18,13,1,12,0.4,10,10
"3508",11,0.1,18,13,1,12,0.4,10,10
"3509",12,0.1,18,13,1,12,0.4,10,10
"3512",4,0.1,18,14,1,12,0.4,10,10
"3513",5,0.1,18,14,1,12,0.4,10,10
"3514",6,0.1,18,14,1,12,0.4,10,10
"3515",7,0.1,18,14,1,12,0.4,10,10
"3516",8,0.1,18,14,1,12,0.4,10,10
"3517",9,0.1,18,14,1,12,0.4,10,10
"3518",10,0.1,18,14,1,12,0.4,10,10
"3519",11,0.1,18,14,1,12,0.4,10,10
"3520",12,0.1,18,14,1,12,0.4,10,10
"3525",6,0.1,18,15,1,12,0.4,10,10
"3526",7,0.1,18,15,1,12,0.4,10,10
"3527",8,0.1,18,15,1,12,0.4,10,10
"3528",9,0.1,18,15,1,12,0.4,10,10
"3529",10,0.1,18,15,1,12,0.4,10,10
"3530",11,0.1,18,15,1,12,0.4,10,10
"3531",12,0.1,18,15,1,12,0.4,10,10
"3534",4,0.1,18,16,1,12,0.4,10,10
"3535",5,0.1,18,16,1,12,0.4,10,10
"3536",6,0.1,18,16,1,12,0.4,10,10
"3537",7,0.1,18,16,1,12,0.4,10,10
"3538",8,0.1,18,16,1,12,0.4,10,10
"3539",9,0.1,18,16,1,12,0.4,10,10
"3540",10,0.1,18,16,1,12,0.4,10,10
"3541",11,0.1,18,16,1,12,0.4,10,10
"3542",12,0.1,18,16,1,12,0.4,10,10
"3544",3,0.1,18,17,1,12,0.4,10,10
"3546",5,0.1,18,17,1,12,0.4,10,10
"3547",6,0.1,18,17,1,12,0.4,10,10
"3548",7,0.1,18,17,1,12,0.4,10,10
"3549",8,0.1,18,17,1,12,0.4,10,10
"3550",9,0.1,18,17,1,12,0.4,10,10
"3551",10,0.1,18,17,1,12,0.4,10,10
"3552",11,0.1,18,17,1,12,0.4,10,10
"3553",12,0.1,18,17,1,12,0.4,10,10
"3600",4,0.1,18,13,2,12,0.4,10,10
"3601",5,0.1,18,13,2,12,0.4,10,10
"3602",6,0.1,18,13,2,12,0.4,10,10
"3603",7,0.1,18,13,2,12,0.4,10,10
"3604",8,0.1,18,13,2,12,0.4,10,10
"3605",9,0.1,18,13,2,12,0.4,10,10
"3606",10,0.1,18,13,2,12,0.4,10,10
"3607",11,0.1,18,13,2,12,0.4,10,10
"3608",12,0.1,18,13,2,12,0.4,10,10
"3610",3,0.1,18,14,2,12,0.4,10,10
"3611",4,0.1,18,14,2,12,0.4,10,10
"3612",5,0.1,18,14,2,12,0.4,10,10
"3613",6,0.1,18,14,2,12,0.4,10,10
"3614",7,0.1,18,14,2,12,0.4,10,10
"3615",8,0.1,18,14,2,12,0.4,10,10
"3616",9,0.1,18,14,2,12,0.4,10,10
"3617",10,0.1,18,14,2,12,0.4,10,10
"3618",11,0.1,18,14,2,12,0.4,10,10
"3619",12,0.1,18,14,2,12,0.4,10,10
"3621",3,0.1,18,15,2,12,0.4,10,10
"3623",5,0.1,18,15,2,12,0.4,10,10
"3624",6,0.1,18,15,2,12,0.4,10,10
"3625",7,0.1,18,15,2,12,0.4,10,10
"3626",8,0.1,18,15,2,12,0.4,10,10
"3627",9,0.1,18,15,2,12,0.4,10,10
"3628",10,0.1,18,15,2,12,0.4,10,10
"3629",11,0.1,18,15,2,12,0.4,10,10
"3630",12,0.1,18,15,2,12,0.4,10,10
"3633",4,0.1,18,16,2,12,0.4,10,10
"3634",5,0.1,18,16,2,12,0.4,10,10
"3635",6,0.1,18,16,2,12,0.4,10,10
"3636",7,0.1,18,16,2,12,0.4,10,10
"3637",8,0.1,18,16,2,12,0.4,10,10
"3638",9,0.1,18,16,2,12,0.4,10,10
"3639",10,0.1,18,16,2,12,0.4,10,10
"3640",11,0.1,18,16,2,12,0.4,10,10
"3641",12,0.1,18,16,2,12,0.4,10,10
"3646",6,0.1,18,17,2,12,0.4,10,10
"3647",7,0.1,18,17,2,12,0.4,10,10
"3648",8,0.1,18,17,2,12,0.4,10,10
"3649",9,0.1,18,17,2,12,0.4,10,10
"3650",10,0.1,18,17,2,12,0.4,10,10
"3651",11,0.1,18,17,2,12,0.4,10,10
"3652",12,0.1,18,17,2,12,0.4,10,10
"3698",3,0.1,18,13,3,12,0.4,10,10
"3699",4,0.1,18,13,3,12,0.4,10,10
"3700",5,0.1,18,13,3,12,0.4,10,10
"3701",6,0.1,18,13,3,12,0.4,10,10
"3702",7,0.1,18,13,3,12,0.4,10,10
"3703",8,0.1,18,13,3,12,0.4,10,10
"3704",9,0.1,18,13,3,12,0.4,10,10
"3705",10,0.1,18,13,3,12,0.4,10,10
"3706",11,0.1,18,13,3,12,0.4,10,10
"3707",12,0.1,18,13,3,12,0.4,10,10
"3710",4,0.1,18,14,3,12,0.4,10,10
"3712",6,0.1,18,14,3,12,0.4,10,10
"3713",7,0.1,18,14,3,12,0.4,10,10
"3714",8,0.1,18,14,3,12,0.4,10,10
"3715",9,0.1,18,14,3,12,0.4,10,10
"3716",10,0.1,18,14,3,12,0.4,10,10
"3717",11,0.1,18,14,3,12,0.4,10,10
"3718",12,0.1,18,14,3,12,0.4,10,10
"3721",4,0.1,18,15,3,12,0.4,10,10
"3722",5,0.1,18,15,3,12,0.4,10,10
"3723",6,0.1,18,15,3,12,0.4,10,10
"3725",8,0.1,18,15,3,12,0.4,10,10
"3726",9,0.1,18,15,3,12,0.4,10,10
"3727",10,0.1,18,15,3,12,0.4,10,10
"3728",11,0.1,18,15,3,12,0.4,10,10
"3729",12,0.1,18,15,3,12,0.4,10,10
"3731",3,0.1,18,16,3,12,0.4,10,10
"3733",5,0.1,18,16,3,12,0.4,10,10
"3735",7,0.1,18,16,3,12,0.4,10,10
"3736",8,0.1,18,16,3,12,0.4,10,10
"3737",9,0.1,18,16,3,12,0.4,10,10
"3738",10,0.1,18,16,3,12,0.4,10,10
"3739",11,0.1,18,16,3,12,0.4,10,10
"3740",12,0.1,18,16,3,12,0.4,10,10
"3743",4,0.1,18,17,3,12,0.4,10,10
"3744",5,0.1,18,17,3,12,0.4,10,10
"3747",8,0.1,18,17,3,12,0.4,10,10
"3748",9,0.1,18,17,3,12,0.4,10,10
"3750",11,0.1,18,17,3,12,0.4,10,10
"3751",12,0.1,18,17,3,12,0.4,10,10
"3798",4,0.1,18,13,5,12,0.4,10,10
"3799",5,0.1,18,13,5,12,0.4,10,10
"3800",6,0.1,18,13,5,12,0.4,10,10
"3801",7,0.1,18,13,5,12,0.4,10,10
"3802",8,0.1,18,13,5,12,0.4,10,10
"3803",9,0.1,18,13,5,12,0.4,10,10
"3804",10,0.1,18,13,5,12,0.4,10,10
"3805",11,0.1,18,13,5,12,0.4,10,10
"3806",12,0.1,18,13,5,12,0.4,10,10
"3808",3,0.1,18,14,5,12,0.4,10,10
"3809",4,0.1,18,14,5,12,0.4,10,10
"3810",5,0.1,18,14,5,12,0.4,10,10
"3812",7,0.1,18,14,5,12,0.4,10,10
"3813",8,0.1,18,14,5,12,0.4,10,10
"3814",9,0.1,18,14,5,12,0.4,10,10
"3815",10,0.1,18,14,5,12,0.4,10,10
"3816",11,0.1,18,14,5,12,0.4,10,10
"3817",12,0.1,18,14,5,12,0.4,10,10
"3819",3,0.1,18,15,5,12,0.4,10,10
"3821",5,0.1,18,15,5,12,0.4,10,10
"3822",6,0.1,18,15,5,12,0.4,10,10
"3823",7,0.1,18,15,5,12,0.4,10,10
"3824",8,0.1,18,15,5,12,0.4,10,10
"3825",9,0.1,18,15,5,12,0.4,10,10
"3826",10,0.1,18,15,5,12,0.4,10,10
"3827",11,0.1,18,15,5,12,0.4,10,10
"3828",12,0.1,18,15,5,12,0.4,10,10
"3831",4,0.1,18,16,5,12,0.4,10,10
"3833",6,0.1,18,16,5,12,0.4,10,10
"3834",7,0.1,18,16,5,12,0.4,10,10
"3835",8,0.1,18,16,5,12,0.4,10,10
"3836",9,0.1,18,16,5,12,0.4,10,10
"3837",10,0.1,18,16,5,12,0.4,10,10
"3838",11,0.1,18,16,5,12,0.4,10,10
"3839",12,0.1,18,16,5,12,0.4,10,10
"3844",6,0.1,18,17,5,12,0.4,10,10
"3845",7,0.1,18,17,5,12,0.4,10,10
"3848",10,0.1,18,17,5,12,0.4,10,10
"3849",11,0.1,18,17,5,12,0.4,10,10
"3850",12,0.1,18,17,5,12,0.4,10,10
"3896",3,0.1,18,13,10,12,0.4,10,10
"3897",4,0.1,18,13,10,12,0.4,10,10
"3898",5,0.1,18,13,10,12,0.4,10,10
"3899",6,0.1,18,13,10,12,0.4,10,10
"3900",7,0.1,18,13,10,12,0.4,10,10
"3901",8,0.1,18,13,10,12,0.4,10,10
"3902",9,0.1,18,13,10,12,0.4,10,10
"3903",10,0.1,18,13,10,12,0.4,10,10
"3904",11,0.1,18,13,10,12,0.4,10,10
"3905",12,0.1,18,13,10,12,0.4,10,10
"3908",4,0.1,18,14,10,12,0.4,10,10
"3909",5,0.1,18,14,10,12,0.4,10,10
"3910",6,0.1,18,14,10,12,0.4,10,10
"3911",7,0.1,18,14,10,12,0.4,10,10
"3912",8,0.1,18,14,10,12,0.4,10,10
"3913",9,0.1,18,14,10,12,0.4,10,10
"3914",10,0.1,18,14,10,12,0.4,10,10
"3915",11,0.1,18,14,10,12,0.4,10,10
"3916",12,0.1,18,14,10,12,0.4,10,10
"3919",4,0.1,18,15,10,12,0.4,10,10
"3920",5,0.1,18,15,10,12,0.4,10,10
"3921",6,0.1,18,15,10,12,0.4,10,10
"3922",7,0.1,18,15,10,12,0.4,10,10
"3923",8,0.1,18,15,10,12,0.4,10,10
"3924",9,0.1,18,15,10,12,0.4,10,10
"3925",10,0.1,18,15,10,12,0.4,10,10
"3926",11,0.1,18,15,10,12,0.4,10,10
"3927",12,0.1,18,15,10,12,0.4,10,10
"3931",5,0.1,18,16,10,12,0.4,10,10
"3932",6,0.1,18,16,10,12,0.4,10,10
"3933",7,0.1,18,16,10,12,0.4,10,10
"3935",9,0.1,18,16,10,12,0.4,10,10
"3936",10,0.1,18,16,10,12,0.4,10,10
"3937",11,0.1,18,16,10,12,0.4,10,10
"3938",12,0.1,18,16,10,12,0.4,10,10
"3945",8,0.1,18,17,10,12,0.4,10,10
"3946",9,0.1,18,17,10,12,0.4,10,10
"3947",10,0.1,18,17,10,12,0.4,10,10
"3948",11,0.1,18,17,10,12,0.4,10,10
"3949",12,0.1,18,17,10,12,0.4,10,10
"3961",2,0.1,18,10,0,13,0.4,10,10
"3962",3,0.1,18,10,0,13,0.4,10,10
"3963",4,0.1,18,10,0,13,0.4,10,10
"3964",5,0.1,18,10,0,13,0.4,10,10
"3965",6,0.1,18,10,0,13,0.4,10,10
"3966",7,0.1,18,10,0,13,0.4,10,10
"3967",8,0.1,18,10,0,13,0.4,10,10
"3968",9,0.1,18,10,0,13,0.4,10,10
"3969",10,0.1,18,10,0,13,0.4,10,10
"3970",11,0.1,18,10,0,13,0.4,10,10
"3971",12,0.1,18,10,0,13,0.4,10,10
"4104",2,0.1,18,14,0.1,13,0.4,10,10
"4105",3,0.1,18,14,0.1,13,0.4,10,10
"4106",4,0.1,18,14,0.1,13,0.4,10,10
"4107",5,0.1,18,14,0.1,13,0.4,10,10
"4108",6,0.1,18,14,0.1,13,0.4,10,10
"4109",7,0.1,18,14,0.1,13,0.4,10,10
"4110",8,0.1,18,14,0.1,13,0.4,10,10
"4111",9,0.1,18,14,0.1,13,0.4,10,10
"4112",10,0.1,18,14,0.1,13,0.4,10,10
"4113",11,0.1,18,14,0.1,13,0.4,10,10
"4114",12,0.1,18,14,0.1,13,0.4,10,10
"4115",2,0.1,18,15,0.1,13,0.4,10,10
"4116",3,0.1,18,15,0.1,13,0.4,10,10
"4117",4,0.1,18,15,0.1,13,0.4,10,10
"4118",5,0.1,18,15,0.1,13,0.4,10,10
"4119",6,0.1,18,15,0.1,13,0.4,10,10
"4120",7,0.1,18,15,0.1,13,0.4,10,10
"4121",8,0.1,18,15,0.1,13,0.4,10,10
"4122",9,0.1,18,15,0.1,13,0.4,10,10
"4123",10,0.1,18,15,0.1,13,0.4,10,10
"4124",11,0.1,18,15,0.1,13,0.4,10,10
"4125",12,0.1,18,15,0.1,13,0.4,10,10
"4126",2,0.1,18,16,0.1,13,0.4,10,10
"4127",3,0.1,18,16,0.1,13,0.4,10,10
"4128",4,0.1,18,16,0.1,13,0.4,10,10
"4129",5,0.1,18,16,0.1,13,0.4,10,10
"4130",6,0.1,18,16,0.1,13,0.4,10,10
"4131",7,0.1,18,16,0.1,13,0.4,10,10
"4132",8,0.1,18,16,0.1,13,0.4,10,10
"4133",9,0.1,18,16,0.1,13,0.4,10,10
"4134",10,0.1,18,16,0.1,13,0.4,10,10
"4135",11,0.1,18,16,0.1,13,0.4,10,10
"4136",12,0.1,18,16,0.1,13,0.4,10,10
"4137",2,0.1,18,17,0.1,13,0.4,10,10
"4138",3,0.1,18,17,0.1,13,0.4,10,10
"4139",4,0.1,18,17,0.1,13,0.4,10,10
"4140",5,0.1,18,17,0.1,13,0.4,10,10
"4141",6,0.1,18,17,0.1,13,0.4,10,10
"4142",7,0.1,18,17,0.1,13,0.4,10,10
"4143",8,0.1,18,17,0.1,13,0.4,10,10
"4144",9,0.1,18,17,0.1,13,0.4,10,10
"4145",10,0.1,18,17,0.1,13,0.4,10,10
"4146",11,0.1,18,17,0.1,13,0.4,10,10
"4147",12,0.1,18,17,0.1,13,0.4,10,10
"4204",3,0.1,18,14,0.5,13,0.4,10,10
"4206",5,0.1,18,14,0.5,13,0.4,10,10
"4207",6,0.1,18,14,0.5,13,0.4,10,10
"4209",8,0.1,18,14,0.5,13,0.4,10,10
"4210",9,0.1,18,14,0.5,13,0.4,10,10
"4211",10,0.1,18,14,0.5,13,0.4,10,10
"4212",11,0.1,18,14,0.5,13,0.4,10,10
"4213",12,0.1,18,14,0.5,13,0.4,10,10
"4217",5,0.1,18,15,0.5,13,0.4,10,10
"4219",7,0.1,18,15,0.5,13,0.4,10,10
"4220",8,0.1,18,15,0.5,13,0.4,10,10
"4222",10,0.1,18,15,0.5,13,0.4,10,10
"4223",11,0.1,18,15,0.5,13,0.4,10,10
"4224",12,0.1,18,15,0.5,13,0.4,10,10
"4229",6,0.1,18,16,0.5,13,0.4,10,10
"4231",8,0.1,18,16,0.5,13,0.4,10,10
"4232",9,0.1,18,16,0.5,13,0.4,10,10
"4233",10,0.1,18,16,0.5,13,0.4,10,10
"4234",11,0.1,18,16,0.5,13,0.4,10,10
"4235",12,0.1,18,16,0.5,13,0.4,10,10
"4241",7,0.1,18,17,0.5,13,0.4,10,10
"4242",8,0.1,18,17,0.5,13,0.4,10,10
"4245",11,0.1,18,17,0.5,13,0.4,10,10
"4246",12,0.1,18,17,0.5,13,0.4,10,10
"4304",4,0.1,18,14,1,13,0.4,10,10
"4305",5,0.1,18,14,1,13,0.4,10,10
"4306",6,0.1,18,14,1,13,0.4,10,10
"4307",7,0.1,18,14,1,13,0.4,10,10
"4308",8,0.1,18,14,1,13,0.4,10,10
"4309",9,0.1,18,14,1,13,0.4,10,10
"4310",10,0.1,18,14,1,13,0.4,10,10
"4311",11,0.1,18,14,1,13,0.4,10,10
"4312",12,0.1,18,14,1,13,0.4,10,10
"4317",6,0.1,18,15,1,13,0.4,10,10
"4318",7,0.1,18,15,1,13,0.4,10,10
"4319",8,0.1,18,15,1,13,0.4,10,10
"4320",9,0.1,18,15,1,13,0.4,10,10
"4321",10,0.1,18,15,1,13,0.4,10,10
"4322",11,0.1,18,15,1,13,0.4,10,10
"4323",12,0.1,18,15,1,13,0.4,10,10
"4326",4,0.1,18,16,1,13,0.4,10,10
"4327",5,0.1,18,16,1,13,0.4,10,10
"4328",6,0.1,18,16,1,13,0.4,10,10
"4329",7,0.1,18,16,1,13,0.4,10,10
"4330",8,0.1,18,16,1,13,0.4,10,10
"4331",9,0.1,18,16,1,13,0.4,10,10
"4332",10,0.1,18,16,1,13,0.4,10,10
"4333",11,0.1,18,16,1,13,0.4,10,10
"4334",12,0.1,18,16,1,13,0.4,10,10
"4336",3,0.1,18,17,1,13,0.4,10,10
"4338",5,0.1,18,17,1,13,0.4,10,10
"4339",6,0.1,18,17,1,13,0.4,10,10
"4340",7,0.1,18,17,1,13,0.4,10,10
"4341",8,0.1,18,17,1,13,0.4,10,10
"4342",9,0.1,18,17,1,13,0.4,10,10
"4343",10,0.1,18,17,1,13,0.4,10,10
"4344",11,0.1,18,17,1,13,0.4,10,10
"4345",12,0.1,18,17,1,13,0.4,10,10
"4402",3,0.1,18,14,2,13,0.4,10,10
"4403",4,0.1,18,14,2,13,0.4,10,10
"4404",5,0.1,18,14,2,13,0.4,10,10
"4405",6,0.1,18,14,2,13,0.4,10,10
"4406",7,0.1,18,14,2,13,0.4,10,10
"4407",8,0.1,18,14,2,13,0.4,10,10
"4408",9,0.1,18,14,2,13,0.4,10,10
"4409",10,0.1,18,14,2,13,0.4,10,10
"4410",11,0.1,18,14,2,13,0.4,10,10
"4411",12,0.1,18,14,2,13,0.4,10,10
"4413",3,0.1,18,15,2,13,0.4,10,10
"4415",5,0.1,18,15,2,13,0.4,10,10
"4416",6,0.1,18,15,2,13,0.4,10,10
"4417",7,0.1,18,15,2,13,0.4,10,10
"4418",8,0.1,18,15,2,13,0.4,10,10
"4419",9,0.1,18,15,2,13,0.4,10,10
"4420",10,0.1,18,15,2,13,0.4,10,10
"4421",11,0.1,18,15,2,13,0.4,10,10
"4422",12,0.1,18,15,2,13,0.4,10,10
"4425",4,0.1,18,16,2,13,0.4,10,10
"4426",5,0.1,18,16,2,13,0.4,10,10
"4427",6,0.1,18,16,2,13,0.4,10,10
"4428",7,0.1,18,16,2,13,0.4,10,10
"4429",8,0.1,18,16,2,13,0.4,10,10
"4430",9,0.1,18,16,2,13,0.4,10,10
"4431",10,0.1,18,16,2,13,0.4,10,10
"4432",11,0.1,18,16,2,13,0.4,10,10
"4433",12,0.1,18,16,2,13,0.4,10,10
"4438",6,0.1,18,17,2,13,0.4,10,10
"4439",7,0.1,18,17,2,13,0.4,10,10
"4440",8,0.1,18,17,2,13,0.4,10,10
"4441",9,0.1,18,17,2,13,0.4,10,10
"4442",10,0.1,18,17,2,13,0.4,10,10
"4443",11,0.1,18,17,2,13,0.4,10,10
"4444",12,0.1,18,17,2,13,0.4,10,10
"4502",4,0.1,18,14,3,13,0.4,10,10
"4504",6,0.1,18,14,3,13,0.4,10,10
"4505",7,0.1,18,14,3,13,0.4,10,10
"4506",8,0.1,18,14,3,13,0.4,10,10
"4507",9,0.1,18,14,3,13,0.4,10,10
"4508",10,0.1,18,14,3,13,0.4,10,10
"4509",11,0.1,18,14,3,13,0.4,10,10
"4510",12,0.1,18,14,3,13,0.4,10,10
"4513",4,0.1,18,15,3,13,0.4,10,10
"4514",5,0.1,18,15,3,13,0.4,10,10
"4515",6,0.1,18,15,3,13,0.4,10,10
"4517",8,0.1,18,15,3,13,0.4,10,10
"4518",9,0.1,18,15,3,13,0.4,10,10
"4519",10,0.1,18,15,3,13,0.4,10,10
"4520",11,0.1,18,15,3,13,0.4,10,10
"4521",12,0.1,18,15,3,13,0.4,10,10
"4523",3,0.1,18,16,3,13,0.4,10,10
"4525",5,0.1,18,16,3,13,0.4,10,10
"4527",7,0.1,18,16,3,13,0.4,10,10
"4528",8,0.1,18,16,3,13,0.4,10,10
"4529",9,0.1,18,16,3,13,0.4,10,10
"4530",10,0.1,18,16,3,13,0.4,10,10
"4531",11,0.1,18,16,3,13,0.4,10,10
"4532",12,0.1,18,16,3,13,0.4,10,10
"4535",4,0.1,18,17,3,13,0.4,10,10
"4536",5,0.1,18,17,3,13,0.4,10,10
"4539",8,0.1,18,17,3,13,0.4,10,10
"4540",9,0.1,18,17,3,13,0.4,10,10
"4542",11,0.1,18,17,3,13,0.4,10,10
"4543",12,0.1,18,17,3,13,0.4,10,10
"4600",3,0.1,18,14,5,13,0.4,10,10
"4601",4,0.1,18,14,5,13,0.4,10,10
"4602",5,0.1,18,14,5,13,0.4,10,10
"4604",7,0.1,18,14,5,13,0.4,10,10
"4605",8,0.1,18,14,5,13,0.4,10,10
"4606",9,0.1,18,14,5,13,0.4,10,10
"4607",10,0.1,18,14,5,13,0.4,10,10
"4608",11,0.1,18,14,5,13,0.4,10,10
"4609",12,0.1,18,14,5,13,0.4,10,10
"4611",3,0.1,18,15,5,13,0.4,10,10
"4613",5,0.1,18,15,5,13,0.4,10,10
"4614",6,0.1,18,15,5,13,0.4,10,10
"4615",7,0.1,18,15,5,13,0.4,10,10
"4616",8,0.1,18,15,5,13,0.4,10,10
"4617",9,0.1,18,15,5,13,0.4,10,10
"4618",10,0.1,18,15,5,13,0.4,10,10
"4619",11,0.1,18,15,5,13,0.4,10,10
"4620",12,0.1,18,15,5,13,0.4,10,10
"4623",4,0.1,18,16,5,13,0.4,10,10
"4625",6,0.1,18,16,5,13,0.4,10,10
"4626",7,0.1,18,16,5,13,0.4,10,10
"4627",8,0.1,18,16,5,13,0.4,10,10
"4628",9,0.1,18,16,5,13,0.4,10,10
"4629",10,0.1,18,16,5,13,0.4,10,10
"4630",11,0.1,18,16,5,13,0.4,10,10
"4631",12,0.1,18,16,5,13,0.4,10,10
"4636",6,0.1,18,17,5,13,0.4,10,10
"4637",7,0.1,18,17,5,13,0.4,10,10
"4640",10,0.1,18,17,5,13,0.4,10,10
"4641",11,0.1,18,17,5,13,0.4,10,10
"4642",12,0.1,18,17,5,13,0.4,10,10
"4700",4,0.1,18,14,10,13,0.4,10,10
"4701",5,0.1,18,14,10,13,0.4,10,10
"4702",6,0.1,18,14,10,13,0.4,10,10
"4703",7,0.1,18,14,10,13,0.4,10,10
"4704",8,0.1,18,14,10,13,0.4,10,10
"4705",9,0.1,18,14,10,13,0.4,10,10
"4706",10,0.1,18,14,10,13,0.4,10,10
"4707",11,0.1,18,14,10,13,0.4,10,10
"4708",12,0.1,18,14,10,13,0.4,10,10
"4711",4,0.1,18,15,10,13,0.4,10,10
"4712",5,0.1,18,15,10,13,0.4,10,10
"4713",6,0.1,18,15,10,13,0.4,10,10
"4714",7,0.1,18,15,10,13,0.4,10,10
"4715",8,0.1,18,15,10,13,0.4,10,10
"4716",9,0.1,18,15,10,13,0.4,10,10
"4717",10,0.1,18,15,10,13,0.4,10,10
"4718",11,0.1,18,15,10,13,0.4,10,10
"4719",12,0.1,18,15,10,13,0.4,10,10
"4723",5,0.1,18,16,10,13,0.4,10,10
"4724",6,0.1,18,16,10,13,0.4,10,10
"4725",7,0.1,18,16,10,13,0.4,10,10
"4727",9,0.1,18,16,10,13,0.4,10,10
"4728",10,0.1,18,16,10,13,0.4,10,10
"4729",11,0.1,18,16,10,13,0.4,10,10
"4730",12,0.1,18,16,10,13,0.4,10,10
"4737",8,0.1,18,17,10,13,0.4,10,10
"4738",9,0.1,18,17,10,13,0.4,10,10
"4739",10,0.1,18,17,10,13,0.4,10,10
"4740",11,0.1,18,17,10,13,0.4,10,10
"4741",12,0.1,18,17,10,13,0.4,10,10
"4753",2,0.1,18,10,0,14,0.4,10,10
"4754",3,0.1,18,10,0,14,0.4,10,10
"4755",4,0.1,18,10,0,14,0.4,10,10
"4756",5,0.1,18,10,0,14,0.4,10,10
"4757",6,0.1,18,10,0,14,0.4,10,10
"4758",7,0.1,18,10,0,14,0.4,10,10
"4759",8,0.1,18,10,0,14,0.4,10,10
"4760",9,0.1,18,10,0,14,0.4,10,10
"4761",10,0.1,18,10,0,14,0.4,10,10
"4762",11,0.1,18,10,0,14,0.4,10,10
"4763",12,0.1,18,10,0,14,0.4,10,10
"4907",2,0.1,18,15,0.1,14,0.4,10,10
"4908",3,0.1,18,15,0.1,14,0.4,10,10
"4909",4,0.1,18,15,0.1,14,0.4,10,10
"4910",5,0.1,18,15,0.1,14,0.4,10,10
"4911",6,0.1,18,15,0.1,14,0.4,10,10
"4912",7,0.1,18,15,0.1,14,0.4,10,10
"4913",8,0.1,18,15,0.1,14,0.4,10,10
"4914",9,0.1,18,15,0.1,14,0.4,10,10
"4915",10,0.1,18,15,0.1,14,0.4,10,10
"4916",11,0.1,18,15,0.1,14,0.4,10,10
"4917",12,0.1,18,15,0.1,14,0.4,10,10
"4918",2,0.1,18,16,0.1,14,0.4,10,10
"4919",3,0.1,18,16,0.1,14,0.4,10,10
"4920",4,0.1,18,16,0.1,14,0.4,10,10
"4921",5,0.1,18,16,0.1,14,0.4,10,10
"4922",6,0.1,18,16,0.1,14,0.4,10,10
"4923",7,0.1,18,16,0.1,14,0.4,10,10
"4924",8,0.1,18,16,0.1,14,0.4,10,10
"4925",9,0.1,18,16,0.1,14,0.4,10,10
"4926",10,0.1,18,16,0.1,14,0.4,10,10
"4927",11,0.1,18,16,0.1,14,0.4,10,10
"4928",12,0.1,18,16,0.1,14,0.4,10,10
"4929",2,0.1,18,17,0.1,14,0.4,10,10
"4930",3,0.1,18,17,0.1,14,0.4,10,10
"4931",4,0.1,18,17,0.1,14,0.4,10,10
"4932",5,0.1,18,17,0.1,14,0.4,10,10
"4933",6,0.1,18,17,0.1,14,0.4,10,10
"4934",7,0.1,18,17,0.1,14,0.4,10,10
"4935",8,0.1,18,17,0.1,14,0.4,10,10
"4936",9,0.1,18,17,0.1,14,0.4,10,10
"4937",10,0.1,18,17,0.1,14,0.4,10,10
"4938",11,0.1,18,17,0.1,14,0.4,10,10
"4939",12,0.1,18,17,0.1,14,0.4,10,10
"5009",5,0.1,18,15,0.5,14,0.4,10,10
"5011",7,0.1,18,15,0.5,14,0.4,10,10
"5012",8,0.1,18,15,0.5,14,0.4,10,10
"5014",10,0.1,18,15,0.5,14,0.4,10,10
"5015",11,0.1,18,15,0.5,14,0.4,10,10
"5016",12,0.1,18,15,0.5,14,0.4,10,10
"5021",6,0.1,18,16,0.5,14,0.4,10,10
"5023",8,0.1,18,16,0.5,14,0.4,10,10
"5024",9,0.1,18,16,0.5,14,0.4,10,10
"5025",10,0.1,18,16,0.5,14,0.4,10,10
"5026",11,0.1,18,16,0.5,14,0.4,10,10
"5027",12,0.1,18,16,0.5,14,0.4,10,10
"5033",7,0.1,18,17,0.5,14,0.4,10,10
"5034",8,0.1,18,17,0.5,14,0.4,10,10
"5037",11,0.1,18,17,0.5,14,0.4,10,10
"5038",12,0.1,18,17,0.5,14,0.4,10,10
"5109",6,0.1,18,15,1,14,0.4,10,10
"5110",7,0.1,18,15,1,14,0.4,10,10
"5111",8,0.1,18,15,1,14,0.4,10,10
"5112",9,0.1,18,15,1,14,0.4,10,10
"5113",10,0.1,18,15,1,14,0.4,10,10
"5114",11,0.1,18,15,1,14,0.4,10,10
"5115",12,0.1,18,15,1,14,0.4,10,10
"5118",4,0.1,18,16,1,14,0.4,10,10
"5119",5,0.1,18,16,1,14,0.4,10,10
"5120",6,0.1,18,16,1,14,0.4,10,10
"5121",7,0.1,18,16,1,14,0.4,10,10
"5122",8,0.1,18,16,1,14,0.4,10,10
"5123",9,0.1,18,16,1,14,0.4,10,10
"5124",10,0.1,18,16,1,14,0.4,10,10
"5125",11,0.1,18,16,1,14,0.4,10,10
"5126",12,0.1,18,16,1,14,0.4,10,10
"5128",3,0.1,18,17,1,14,0.4,10,10
"5130",5,0.1,18,17,1,14,0.4,10,10
"5131",6,0.1,18,17,1,14,0.4,10,10
"5132",7,0.1,18,17,1,14,0.4,10,10
"5133",8,0.1,18,17,1,14,0.4,10,10
"5134",9,0.1,18,17,1,14,0.4,10,10
"5135",10,0.1,18,17,1,14,0.4,10,10
"5136",11,0.1,18,17,1,14,0.4,10,10
"5137",12,0.1,18,17,1,14,0.4,10,10
"5205",3,0.1,18,15,2,14,0.4,10,10
"5207",5,0.1,18,15,2,14,0.4,10,10
"5208",6,0.1,18,15,2,14,0.4,10,10
"5209",7,0.1,18,15,2,14,0.4,10,10
"5210",8,0.1,18,15,2,14,0.4,10,10
"5211",9,0.1,18,15,2,14,0.4,10,10
"5212",10,0.1,18,15,2,14,0.4,10,10
"5213",11,0.1,18,15,2,14,0.4,10,10
"5214",12,0.1,18,15,2,14,0.4,10,10
"5217",4,0.1,18,16,2,14,0.4,10,10
"5218",5,0.1,18,16,2,14,0.4,10,10
"5219",6,0.1,18,16,2,14,0.4,10,10
"5220",7,0.1,18,16,2,14,0.4,10,10
"5221",8,0.1,18,16,2,14,0.4,10,10
"5222",9,0.1,18,16,2,14,0.4,10,10
"5223",10,0.1,18,16,2,14,0.4,10,10
"5224",11,0.1,18,16,2,14,0.4,10,10
"5225",12,0.1,18,16,2,14,0.4,10,10
"5230",6,0.1,18,17,2,14,0.4,10,10
"5231",7,0.1,18,17,2,14,0.4,10,10
"5232",8,0.1,18,17,2,14,0.4,10,10
"5233",9,0.1,18,17,2,14,0.4,10,10
"5234",10,0.1,18,17,2,14,0.4,10,10
"5235",11,0.1,18,17,2,14,0.4,10,10
"5236",12,0.1,18,17,2,14,0.4,10,10
"5305",4,0.1,18,15,3,14,0.4,10,10
"5306",5,0.1,18,15,3,14,0.4,10,10
"5307",6,0.1,18,15,3,14,0.4,10,10
"5309",8,0.1,18,15,3,14,0.4,10,10
"5310",9,0.1,18,15,3,14,0.4,10,10
"5311",10,0.1,18,15,3,14,0.4,10,10
"5312",11,0.1,18,15,3,14,0.4,10,10
"5313",12,0.1,18,15,3,14,0.4,10,10
"5315",3,0.1,18,16,3,14,0.4,10,10
"5317",5,0.1,18,16,3,14,0.4,10,10
"5319",7,0.1,18,16,3,14,0.4,10,10
"5320",8,0.1,18,16,3,14,0.4,10,10
"5321",9,0.1,18,16,3,14,0.4,10,10
"5322",10,0.1,18,16,3,14,0.4,10,10
"5323",11,0.1,18,16,3,14,0.4,10,10
"5324",12,0.1,18,16,3,14,0.4,10,10
"5327",4,0.1,18,17,3,14,0.4,10,10
"5328",5,0.1,18,17,3,14,0.4,10,10
"5331",8,0.1,18,17,3,14,0.4,10,10
"5332",9,0.1,18,17,3,14,0.4,10,10
"5334",11,0.1,18,17,3,14,0.4,10,10
"5335",12,0.1,18,17,3,14,0.4,10,10
"5403",3,0.1,18,15,5,14,0.4,10,10
"5405",5,0.1,18,15,5,14,0.4,10,10
"5406",6,0.1,18,15,5,14,0.4,10,10
"5407",7,0.1,18,15,5,14,0.4,10,10
"5408",8,0.1,18,15,5,14,0.4,10,10
"5409",9,0.1,18,15,5,14,0.4,10,10
"5410",10,0.1,18,15,5,14,0.4,10,10
"5411",11,0.1,18,15,5,14,0.4,10,10
"5412",12,0.1,18,15,5,14,0.4,10,10
"5415",4,0.1,18,16,5,14,0.4,10,10
"5417",6,0.1,18,16,5,14,0.4,10,10
"5418",7,0.1,18,16,5,14,0.4,10,10
"5419",8,0.1,18,16,5,14,0.4,10,10
"5420",9,0.1,18,16,5,14,0.4,10,10
"5421",10,0.1,18,16,5,14,0.4,10,10
"5422",11,0.1,18,16,5,14,0.4,10,10
"5423",12,0.1,18,16,5,14,0.4,10,10
"5428",6,0.1,18,17,5,14,0.4,10,10
"5429",7,0.1,18,17,5,14,0.4,10,10
"5432",10,0.1,18,17,5,14,0.4,10,10
"5433",11,0.1,18,17,5,14,0.4,10,10
"5434",12,0.1,18,17,5,14,0.4,10,10
"5503",4,0.1,18,15,10,14,0.4,10,10
"5504",5,0.1,18,15,10,14,0.4,10,10
"5505",6,0.1,18,15,10,14,0.4,10,10
"5506",7,0.1,18,15,10,14,0.4,10,10
"5507",8,0.1,18,15,10,14,0.4,10,10
"5508",9,0.1,18,15,10,14,0.4,10,10
"5509",10,0.1,18,15,10,14,0.4,10,10
"5510",11,0.1,18,15,10,14,0.4,10,10
"5511",12,0.1,18,15,10,14,0.4,10,10
"5515",5,0.1,18,16,10,14,0.4,10,10
"5516",6,0.1,18,16,10,14,0.4,10,10
"5517",7,0.1,18,16,10,14,0.4,10,10
"5519",9,0.1,18,16,10,14,0.4,10,10
"5520",10,0.1,18,16,10,14,0.4,10,10
"5521",11,0.1,18,16,10,14,0.4,10,10
"5522",12,0.1,18,16,10,14,0.4,10,10
"5529",8,0.1,18,17,10,14,0.4,10,10
"5530",9,0.1,18,17,10,14,0.4,10,10
"5531",10,0.1,18,17,10,14,0.4,10,10
"5532",11,0.1,18,17,10,14,0.4,10,10
"5533",12,0.1,18,17,10,14,0.4,10,10
"5545",2,0.1,18,10,0,15,0.4,10,10
"5546",3,0.1,18,10,0,15,0.4,10,10
"5547",4,0.1,18,10,0,15,0.4,10,10
"5548",5,0.1,18,10,0,15,0.4,10,10
"5549",6,0.1,18,10,0,15,0.4,10,10
"5550",7,0.1,18,10,0,15,0.4,10,10
"5551",8,0.1,18,10,0,15,0.4,10,10
"5552",9,0.1,18,10,0,15,0.4,10,10
"5553",10,0.1,18,10,0,15,0.4,10,10
"5554",11,0.1,18,10,0,15,0.4,10,10
"5555",12,0.1,18,10,0,15,0.4,10,10
"5710",2,0.1,18,16,0.1,15,0.4,10,10
"5711",3,0.1,18,16,0.1,15,0.4,10,10
"5712",4,0.1,18,16,0.1,15,0.4,10,10
"5713",5,0.1,18,16,0.1,15,0.4,10,10
"5714",6,0.1,18,16,0.1,15,0.4,10,10
"5715",7,0.1,18,16,0.1,15,0.4,10,10
"5716",8,0.1,18,16,0.1,15,0.4,10,10
"5717",9,0.1,18,16,0.1,15,0.4,10,10
"5718",10,0.1,18,16,0.1,15,0.4,10,10
"5719",11,0.1,18,16,0.1,15,0.4,10,10
"5720",12,0.1,18,16,0.1,15,0.4,10,10
"5721",2,0.1,18,17,0.1,15,0.4,10,10
"5722",3,0.1,18,17,0.1,15,0.4,10,10
"5723",4,0.1,18,17,0.1,15,0.4,10,10
"5724",5,0.1,18,17,0.1,15,0.4,10,10
"5725",6,0.1,18,17,0.1,15,0.4,10,10
"5726",7,0.1,18,17,0.1,15,0.4,10,10
"5727",8,0.1,18,17,0.1,15,0.4,10,10
"5728",9,0.1,18,17,0.1,15,0.4,10,10
"5729",10,0.1,18,17,0.1,15,0.4,10,10
"5730",11,0.1,18,17,0.1,15,0.4,10,10
"5731",12,0.1,18,17,0.1,15,0.4,10,10
"5813",6,0.1,18,16,0.5,15,0.4,10,10
"5815",8,0.1,18,16,0.5,15,0.4,10,10
"5816",9,0.1,18,16,0.5,15,0.4,10,10
"5817",10,0.1,18,16,0.5,15,0.4,10,10
"5818",11,0.1,18,16,0.5,15,0.4,10,10
"5819",12,0.1,18,16,0.5,15,0.4,10,10
"5825",7,0.1,18,17,0.5,15,0.4,10,10
"5826",8,0.1,18,17,0.5,15,0.4,10,10
"5829",11,0.1,18,17,0.5,15,0.4,10,10
"5830",12,0.1,18,17,0.5,15,0.4,10,10
"5910",4,0.1,18,16,1,15,0.4,10,10
"5911",5,0.1,18,16,1,15,0.4,10,10
"5912",6,0.1,18,16,1,15,0.4,10,10
"5913",7,0.1,18,16,1,15,0.4,10,10
"5914",8,0.1,18,16,1,15,0.4,10,10
"5915",9,0.1,18,16,1,15,0.4,10,10
"5916",10,0.1,18,16,1,15,0.4,10,10
"5917",11,0.1,18,16,1,15,0.4,10,10
"5918",12,0.1,18,16,1,15,0.4,10,10
"5920",3,0.1,18,17,1,15,0.4,10,10
"5922",5,0.1,18,17,1,15,0.4,10,10
"5923",6,0.1,18,17,1,15,0.4,10,10
"5924",7,0.1,18,17,1,15,0.4,10,10
"5925",8,0.1,18,17,1,15,0.4,10,10
"5926",9,0.1,18,17,1,15,0.4,10,10
"5927",10,0.1,18,17,1,15,0.4,10,10
"5928",11,0.1,18,17,1,15,0.4,10,10
"5929",12,0.1,18,17,1,15,0.4,10,10
"6009",4,0.1,18,16,2,15,0.4,10,10
"6010",5,0.1,18,16,2,15,0.4,10,10
"6011",6,0.1,18,16,2,15,0.4,10,10
"6012",7,0.1,18,16,2,15,0.4,10,10
"6013",8,0.1,18,16,2,15,0.4,10,10
"6014",9,0.1,18,16,2,15,0.4,10,10
"6015",10,0.1,18,16,2,15,0.4,10,10
"6016",11,0.1,18,16,2,15,0.4,10,10
"6017",12,0.1,18,16,2,15,0.4,10,10
"6022",6,0.1,18,17,2,15,0.4,10,10
"6023",7,0.1,18,17,2,15,0.4,10,10
"6024",8,0.1,18,17,2,15,0.4,10,10
"6025",9,0.1,18,17,2,15,0.4,10,10
"6026",10,0.1,18,17,2,15,0.4,10,10
"6027",11,0.1,18,17,2,15,0.4,10,10
"6028",12,0.1,18,17,2,15,0.4,10,10
"6107",3,0.1,18,16,3,15,0.4,10,10
"6109",5,0.1,18,16,3,15,0.4,10,10
"6111",7,0.1,18,16,3,15,0.4,10,10
"6112",8,0.1,18,16,3,15,0.4,10,10
"6113",9,0.1,18,16,3,15,0.4,10,10
"6114",10,0.1,18,16,3,15,0.4,10,10
"6115",11,0.1,18,16,3,15,0.4,10,10
"6116",12,0.1,18,16,3,15,0.4,10,10
"6119",4,0.1,18,17,3,15,0.4,10,10
"6120",5,0.1,18,17,3,15,0.4,10,10
"6123",8,0.1,18,17,3,15,0.4,10,10
"6124",9,0.1,18,17,3,15,0.4,10,10
"6126",11,0.1,18,17,3,15,0.4,10,10
"6127",12,0.1,18,17,3,15,0.4,10,10
"6207",4,0.1,18,16,5,15,0.4,10,10
"6209",6,0.1,18,16,5,15,0.4,10,10
"6210",7,0.1,18,16,5,15,0.4,10,10
"6211",8,0.1,18,16,5,15,0.4,10,10
"6212",9,0.1,18,16,5,15,0.4,10,10
"6213",10,0.1,18,16,5,15,0.4,10,10
"6214",11,0.1,18,16,5,15,0.4,10,10
"6215",12,0.1,18,16,5,15,0.4,10,10
"6220",6,0.1,18,17,5,15,0.4,10,10
"6221",7,0.1,18,17,5,15,0.4,10,10
"6224",10,0.1,18,17,5,15,0.4,10,10
"6225",11,0.1,18,17,5,15,0.4,10,10
"6226",12,0.1,18,17,5,15,0.4,10,10
"6307",5,0.1,18,16,10,15,0.4,10,10
"6308",6,0.1,18,16,10,15,0.4,10,10
"6309",7,0.1,18,16,10,15,0.4,10,10
"6311",9,0.1,18,16,10,15,0.4,10,10
"6312",10,0.1,18,16,10,15,0.4,10,10
"6313",11,0.1,18,16,10,15,0.4,10,10
"6314",12,0.1,18,16,10,15,0.4,10,10
"6321",8,0.1,18,17,10,15,0.4,10,10
"6322",9,0.1,18,17,10,15,0.4,10,10
"6323",10,0.1,18,17,10,15,0.4,10,10
"6324",11,0.1,18,17,10,15,0.4,10,10
"6325",12,0.1,18,17,10,15,0.4,10,10
